Start,Folder,File_name,Duration[s],Peak[Mb/s],Protocol,Src_Ports,Dst_Ports,Src_IPs,IPs_Fragmented,Flags
1416411177,TrafficAnalysis_prod-anon-051.txt/,prod-anon-051,0,0.463736,UDP,53:DNS+25701:unknown+12890:unknown+,18762:unknown+31338:unknown+MANY,35,28,
1417606735,TrafficAnalysis_prod-anon-010.txt/,prod-anon-010,15,2.90408,UDP,1900:SSDP+,80:HTTP+,2640,1,
1418928875,TrafficAnalysis_prod-anon-024.txt/,prod-anon-024,14,0.36256,TCP,MANY,SOME,61,1,CWR(61)URG(28)ACK(61)PSH(61)RST(61)SYN(61)FIN(33)
1418929834,TrafficAnalysis_prod-anon-020.txt/,prod-anon-020,539,7.04E-4,TCP,MANY,SOME,350,1,CWR(28)ECE(28)ACK(349)PSH(312)RST(40)SYN(316)FIN(314)
1418931638,TrafficAnalysis_prod-anon-025.txt/,prod-anon-025,0,0.73056,UDP,30070:unknown+MANY,30584:unknown+MANY,84,41,
1418931826,TrafficAnalysis_prod-anon-026.txt/,prod-anon-026,20,1.649888,UDP,1900:SSDP+SOME,1900:SSDP+,4851,1,
1418932457,TrafficAnalysis_prod-anon-022.txt/,prod-anon-022,9,0.363648,TCP,MANY,SOME,9649,1,ACK(9707)PSH(9)SYN(7)FIN(9)
1419000434,TrafficAnalysis_prod-anon-018.txt/,prod-anon-018,10,0.366944,TCP,MANY,SOME,9805,1,CWR(2)ACK(206)PSH(5)RST(9671)FIN(205)
1419000471,TrafficAnalysis_prod-anon-027.txt/,prod-anon-027,171,3.802368,UDP,123:NTP+MANY,80:HTTP+SOME,13,1,
1419000874,TrafficAnalysis_prod-anon-019.txt/,prod-anon-019,114,8.32E-4,TCP,MANY,SOME,788,1,CWR(63)ECE(63)ACK(783)PSH(679)RST(60)SYN(688)FIN(659)
1419001317,TrafficAnalysis_prod-anon-028.txt/,prod-anon-028,12,3.87504,UDP,123:NTP+,80:HTTP+,3,1,
1419034516,TrafficAnalysis_prod-anon-023.txt/,prod-anon-023,605,9.28E-4,TCP,MANY,SOME,534,1,CWR(2)ECE(2)SYN(534)
1419063001,TrafficAnalysis_prod-anon-021.txt/,prod-anon-021,21,0.450944,TCP,SOME,SOME,3,1,ACK(3)PSH(1)SYN(1)FIN(1)
1419104545,TrafficAnalysis_ANON-SSYN-S-02_2014-12-20_19_41_22.txt/,ANON-SSYN-S-02,235,45.3386,TCP,MANY,SOME,1793249,1,CWR(7)ECE(12)ACK(6709)PSH(2)RST(60217)SYN(1793208)FIN(45)
1419104902,TrafficAnalysis_ANON-UDPLAG-S-01_2014-12-20_19_48_21.txt/,ANON-UDPLAG-S-01,298,354.29944,UDP,53:DNS+MANY,MANY,88,1,
1419105308,TrafficAnalysis_ANON-UDP-S-01_2014-12-20_19_55_07.txt/,ANON-UDP-S-01,297,580.63226,UDP,53:DNS+SOME,MANY,1250,1,
1419105865,TrafficAnalysis_ANON-SSYN-S-01_2014-12-20_20_04_11.txt/,ANON-SSYN-S-01,261,48.146793,TCP,MANY,SOME,1855573,1,CWR(10)ECE(9)ACK(9616)PSH(1)RST(86678)SYN(1855501)FIN(59)
1419106266,TrafficAnalysis_CONS-UDP-S-01_2014-12-20_20_11_05.txt/,CONS-UDP-S-01,299,97.17243,UDP,53:DNS+MANY,MANY,74,1,
1419106638,TrafficAnalysis_CONS-SSYN-S-01_2014-12-20_20_17_05.txt/,CONS-SSYN-S-01,285,42.907646,TCP,MANY,SOME,749778,1,CWR(5)ECE(5)ACK(3474)RST(26430)SYN(749757)FIN(15)
1419107015,TrafficAnalysis_CONS-UDPLAG-S-01_2014-12-20_20_23_34.txt/,CONS-UDPLAG-S-01,297,11.797344,UDP,53:DNS+MANY,MANY,17,16,
1419108297,TrafficAnalysis_KRYPT-DNS-S-01_2014-12-20_20_44_56.txt/,KRYPT-DNS-S-01,297,451.29382,UDP,19:CharGen+MANY,13290:unknown+MANY,263,1,
1419108710,TrafficAnalysis_KRYPT-SSYN-S-01_2014-12-20_20_51_41.txt/,KRYPT-SSYN-S-01,285,33.407585,TCP,MANY,SOME,1324346,1,CWR(7)ECE(15)ACK(7418)RST(66414)SYN(1324283)FIN(41)
1419190717,TrafficAnalysis_IPSTR-SYN-S-01_2014-12-21_19_38_21.txt/,IPSTR-SYN-S-01,35,61.828114,TCP,SOME,SOME,25,1,SYN(27)
1419191547,TrafficAnalysis_IPSTR-UDP-S-01_2014-12-21_19_52_26.txt/,IPSTR-UDP-S-01,298,373.3896,UDP,1900:SSDP+MANY,80:HTTP+MANY,57226,1,
1419191973,TrafficAnalysis_IPSTR-UDPLAG-S-01_2014-12-21_19_59_32.txt/,IPSTR-UDPLAG-S-01,298,21.904655,UDP,80:HTTP+SOME,80:HTTP+MANY,28,1,
1419192776,TrafficAnalysis_ANON-UDP-S-02_2014-12-21_20_12_55.txt/,ANON-UDP-S-02,297,0.008608,UDP,53:DNS+,MANY,3,1,
1419193111,TrafficAnalysis_ANON-UDPLAG-S-02_2014-12-21_20_18_30.txt/,ANON-UDPLAG-S-02,298,0.010968,UDP,53:DNS+SOME,MANY,4,1,
1419193522,TrafficAnalysis_IPSTR-SYN-S-02_2014-12-21_20_25_15.txt/,IPSTR-SYN-S-02,220,68.8853,TCP,SOME,MANY,25,1,RST(3)SYN(24)
1419193850,TrafficAnalysis_IPSTR-UDP-S-02_2014-12-21_20_30_49.txt/,IPSTR-UDP-S-02,298,429.1959,UDP,1900:SSDP+MANY,80:HTTP+MANY,63632,1,
1419194770,TrafficAnalysis_IPSTR-UDPLAG-S-02_2014-12-21_20_46_09.txt/,IPSTR-UDPLAG-S-02,298,21.221647,UDP,80:HTTP+SOME,80:HTTP+MANY,23,1,
1419195860,TrafficAnalysis_KRYPT-SSYN-S-02_2014-12-21_21_04_11.txt/,KRYPT-SSYN-S-02,280,44.19984,TCP,MANY,MANY,1259251,1,CWR(13)ECE(8)ACK(8661)PSH(2)RST(77935)SYN(1259166)FIN(56)
1419196333,TrafficAnalysis_KRYPT-DNS-S-02_2014-12-21_21_12_12.txt/,KRYPT-DNS-S-02,298,445.87625,UDP,19:CharGen+SOME,36569:unknown+MANY,266,1,
1419242739,TrafficAnalysis_REST-DNS-S-01_2014-12-22_10_05_38.txt/,REST-DNS-S-01,299,1826.0912,UDP,53:DNS+SOME,MANY,2089,1,
1419243170,TrafficAnalysis_REST-NTP-S-01_2014-12-22_10_12_49.txt/,REST-NTP-S-01,298,415.78506,UDP,123:NTP+MANY,80:HTTP+MANY,1801,1,
1419243571,TrafficAnalysis_REST-UDP-S-01_2014-12-22_10_19_30.txt/,REST-UDP-S-01,298,1025.7607,UDP,53:DNS+SOME,MANY,2067,1,
1419243992,TrafficAnalysis_REST-UDPLAG-S-01_2014-12-22_10_26_31.txt/,REST-UDPLAG-S-01,298,84.746315,UDP,53:DNS+MANY,MANY,89,1,
1419261822,TrafficAnalysis_ANON-NTP-S-01_2014-12-22_15_23_41.txt/,ANON-NTP-S-01,298,0.008336,UDP,53:DNS+,MANY,1,1,
1419262184,TrafficAnalysis_CONS-SSYN-S-02_2014-12-22_15_29_38.txt/,CONS-SSYN-S-02,287,43.84144,TCP,MANY,SOME,741641,1,CWR(4)ECE(2)ACK(3195)RST(24726)SYN(741642)FIN(15)
1419262722,TrafficAnalysis_IPSTR-DNS-S-01_2014-12-22_15_38_41.txt/,IPSTR-DNS-S-01,298,118.047455,UDP,53:DNS+SOME,80:HTTP+MANY,83,1,
1419263103,TrafficAnalysis_CONS-NTP-S-01_2014-12-22_15_45_02.txt/,CONS-NTP-S-01,298,420.65024,UDP,123:NTP+SOME,MANY,1197,1,
1419263497,TrafficAnalysis_CONS-SSDP-S-01_2014-12-22_15_51_36.txt/,CONS-SSDP-S-01,298,316.24255,UDP,1900:SSDP+MANY,MANY,35243,1,
1419263878,TrafficAnalysis_REST-SSYN-S-01_2014-12-22_15_57_50.txt/,REST-SSYN-S-01,291,40.876335,TCP,MANY,SOME,1597040,1,CWR(2)ECE(5)ACK(3882)RST(35088)SYN(1597030)FIN(25)
1419264234,TrafficAnalysis_IPSTR-CHARGEN-S-01_2014-12-22_16_03_53.txt/,IPSTR-CHARGEN-S-01,297,576.3067,UDP,19:CharGen+MANY,MANY,1552,1,
1419264605,TrafficAnalysis_REST-XSSYN-S-01_2014-12-22_16_09_59.txt/,REST-XSSYN-S-01,291,42.072792,TCP,MANY,SOME,1668762,1,CWR(4)ECE(3)ACK(4523)RST(41710)SYN(1668722)FIN(26)
1419265089,TrafficAnalysis_KRYPT-CHARGEN-S-01_2014-12-22_16_18_09.txt/,KRYPT-CHARGEN-S-01,299,390.2358,UDP,19:CharGen+MANY,51096:unknown+MANY,274,1,
1419265437,TrafficAnalysis_KRYPT-ESSYN-S-01_2014-12-22_16_23_50.txt/,KRYPT-ESSYN-S-01,271,31.498304,TCP,MANY,SOME,1174759,1,CWR(6)ECE(5)ACK(6702)PSH(1)RST(61129)SYN(1174712)FIN(41)
1419265807,TrafficAnalysis_KRYPT-SSDP-S-01_2014-12-22_16_30_06.txt/,KRYPT-SSDP-S-01,298,316.9679,UDP,19:CharGen+MANY,38927:unknown+MANY,277,1,
1419286272,TrafficAnalysis_TITAN-UDP-S-01_2014-12-22_22_11_11.txt/,TITAN-UDP-S-01,299,331.16583,UDP,53:DNS+,MANY,91,1,
1419286663,TrafficAnalysis_IPSTR-SSDP-S-01_2014-12-22_22_17_42.txt/,IPSTR-SSDP-S-01,298,342.65152,UDP,1900:SSDP+MANY,MANY,45449,1,
1419287590,TrafficAnalysis_TITAN-ESSYN-S-01_2014-12-22_22_33_09.txt/,TITAN-ESSYN-S-01,297,306.04343,UDP,53:DNS+SOME,MANY,90,1,
1419288098,TrafficAnalysis_IPSTR-SNMP-S-01_2014-12-22_22_41_37.txt/,IPSTR-SNMP-S-01,299,314.3516,UDP,161:SNMP+MANY,MANY,1265,1,
1419289515,TrafficAnalysis_TITAN-UDPLAG-S-01_2014-12-22_23_05_14.txt/,TITAN-UDPLAG-S-01,298,268.48294,UDP,53:DNS+MANY,MANY,228,1,
1419289930,TrafficAnalysis_IPSTR-NTP-S-01_2014-12-22_23_12_09.txt/,IPSTR-NTP-S-01,298,522.0291,UDP,123:NTP+SOME,MANY,1219,1,
1419290452,TrafficAnalysis_CONS-CHARGEN-S-01_2014-12-22_23_20_51.txt/,CONS-CHARGEN-S-01,298,283.14215,UDP,19:CharGen+MANY,MANY,612,1,
1419353825,TrafficAnalysis_prod-anon-034.txt/,prod-anon-034,10,4.24656,UDP,123:NTP+,80:HTTP+SOME,228,1,
1419375681,TrafficAnalysis_ANON-NTP-S-02_2014-12-23_23_01_20.txt/,ANON-NTP-S-02,297,636.5405,UDP,123:NTP+MANY,80:HTTP+MANY,1643,1,
1419376098,TrafficAnalysis_KRYPT-ESSYN-S-02_2014-12-23_23_08_06.txt/,KRYPT-ESSYN-S-02,273,19.52212,TCP,MANY,SOME,426244,1,CWR(3)ECE(4)ACK(2466)PSH(3)RST(21599)SYN(426261)FIN(15)
1419376529,TrafficAnalysis_CONS-CHARGEN-S-02_2014-12-23_23_15_28.txt/,CONS-CHARGEN-S-02,298,522.2594,UDP,19:CharGen+MANY,MANY,1090,1,
1419376910,TrafficAnalysis_REST-SSYN-S-02_2014-12-23_23_21_20.txt/,REST-SSYN-S-02,266,45.28847,TCP,MANY,SOME,1824428,1,CWR(5)ECE(8)ACK(6380)RST(57581)SYN(1824123)FIN(45)
1419377289,TrafficAnalysis_CONS-NTP-S-02_2014-12-23_23_28_08.txt/,CONS-NTP-S-02,299,547.93896,UDP,123:NTP+SOME,MANY,991,1,
1419377691,TrafficAnalysis_REST-XSSYN-S-02_2014-12-23_23_34_46.txt/,REST-XSSYN-S-02,294,44.80891,TCP,MANY,SOME,1812661,1,CWR(7)ECE(5)ACK(6466)RST(57407)SYN(1812584)FIN(42)
1419511478,TrafficAnalysis_DEST-ESSYN-S-01_2014-12-25_12_44_37.txt/,DEST-ESSYN-S-01,297,8.32E-4,UDP,53:DNS+,MANY,1,1,
1419511822,TrafficAnalysis_NETNET-CHARGEN-S-01_2014-12-25_12_50_21.txt/,NETNET-CHARGEN-S-01,298,0.007632,UDP,53:DNS+,MANY,1,1,
1419512276,TrafficAnalysis_DEST-SSYN-S-01_2014-12-25_12_57_55.txt/,DEST-SSYN-S-01,297,0.008536,UDP,53:DNS+,MANY,1,1,
1419512716,TrafficAnalysis_NETNET-DNS-S-01_2014-12-25_13_05_15.txt/,NETNET-DNS-S-01,298,0.008272,UDP,53:DNS+SOME,MANY,4,1,
1419513168,TrafficAnalysis_DEST-XSYN-S-01_2014-12-25_13_12_47.txt/,DEST-XSYN-S-01,297,0.00792,UDP,53:DNS+SOME,MANY,2,1,
1419513724,TrafficAnalysis_NETNET-NTP-S-01_2014-12-25_13_22_03.txt/,NETNET-NTP-S-01,297,0.007728,UDP,53:DNS+,MANY,1,1,
1419514239,TrafficAnalysis_VDOS-ESSYN-S-01_2014-12-25_13_30_25.txt/,VDOS-ESSYN-S-01,285,51.642586,TCP,MANY,MANY,2557889,1,CWR(17)ECE(10)ACK(10704)RST(95731)SYN(2557785)FIN(61)
1419514682,TrafficAnalysis_NETNET-SSDP-S-01_2014-12-25_13_38_01.txt/,NETNET-SSDP-S-01,297,0.012416,UDP,53:DNS+SOME,MANY,4,1,
1419515072,TrafficAnalysis_VDOS-TCPACK-S-01_2014-12-25_13_44_11.txt/,VDOS-TCPACK-S-01,190,28.658209,TCP,MANY,MANY,1146101,1,ACK(1146124)RST(36)SYN(4)FIN(1)
1419515512,TrafficAnalysis_NETNET-SUDP-S-01_2014-12-25_13_51_51.txt/,NETNET-SUDP-S-01,298,0.0084,UDP,53:DNS+SOME,MANY,4,1,
1419515919,TrafficAnalysis_VDOS-TCPFIN-S-01_2014-12-25_13_58_30.txt/,VDOS-TCPFIN-S-01,238,60.00757,TCP,MANY,MANY,5250936,1,ACK(3)RST(3)SYN(4)FIN(1)
1419516392,TrafficAnalysis_CONS-SSDP-S-02_2014-12-25_14_06_31.txt/,CONS-SSDP-S-02,298,349.74484,UDP,1900:SSDP+MANY,MANY,60241,1,
1419517595,TrafficAnalysis_VDOS-TCPNO-S-01_2014-12-25_14_26_19.txt/,VDOS-TCPNO-S-01,283,33.76224,TCP,MANY,SOME,2707103,1,ACK(32)RST(33)SYN(3)FIN(1)
1419518153,TrafficAnalysis_CONS-UDP-S-02_2014-12-25_14_35_53.txt/,CONS-UDP-S-02,300,165.10545,UDP,53:DNS+MANY,MANY,77,1,
1419518702,TrafficAnalysis_VDOS-TCPRST-S-01_2014-12-25_14_44_50.txt/,VDOS-TCPRST-S-01,179,59.119953,TCP,MANY,SOME,5409109,1,ACK(1)RST(5409134)SYN(2)FIN(1)
1419519314,TrafficAnalysis_CONS-UDPLAG-S-02_2014-12-25_14_55_13.txt/,CONS-UDPLAG-S-02,299,16.084768,UDP,53:DNS+MANY,MANY,22,18,
1419519780,TrafficAnalysis_VDOS-XSYN-S-01_2014-12-25_15_02_42.txt/,VDOS-XSYN-S-01,280,53.61976,TCP,MANY,MANY,2283233,1,CWR(13)ECE(12)ACK(12740)PSH(3)RST(113614)SYN(2283125)FIN(68)
1419520368,TrafficAnalysis_IPSTR-CHARGEN-S-02_2014-12-25_15_12_47.txt/,IPSTR-CHARGEN-S-02,298,772.1142,UDP,19:CharGen+MANY,MANY,1473,1,
1419520935,TrafficAnalysis_TITAN-ESSYN-S-02_2014-12-25_15_22_14.txt/,TITAN-ESSYN-S-02,297,518.4036,UDP,53:DNS+MANY,MANY,98,1,
1419521506,TrafficAnalysis_IPSTR-DNS-S-02_2014-12-25_15_31_46.txt/,IPSTR-DNS-S-02,300,209.26083,UDP,53:DNS+MANY,MANY,90,1,
1419522016,TrafficAnalysis_KRYPT-CHARGEN-S-02_2014-12-25_15_40_16.txt/,KRYPT-CHARGEN-S-02,299,688.8099,UDP,19:CharGen+MANY,63977:unknown+MANY,450,1,
1419522894,TrafficAnalysis_IPSTR-NTP-S-02_2014-12-25_15_54_53.txt/,IPSTR-NTP-S-02,298,602.0249,UDP,123:NTP+SOME,MANY,1224,1,
1419527685,TrafficAnalysis_KRYPT-SSDP-S-02_2014-12-25_17_14_44.txt/,KRYPT-SSDP-S-02,298,748.2527,UDP,19:CharGen+MANY,16372:unknown+MANY,445,1,
1419528649,TrafficAnalysis_VDOS-ESSYN-S-02_2014-12-25_17_30_40.txt/,VDOS-ESSYN-S-02,284,50.22052,TCP,MANY,SOME,1399829,1,CWR(3)ECE(4)ACK(1893)PSH(1)RST(16952)SYN(1399826)FIN(12)
1419529108,TrafficAnalysis_IPSTR-SNMP-S-02_2014-12-25_17_38_27.txt/,IPSTR-SNMP-S-02,298,524.15643,UDP,161:SNMP+MANY,MANY,1237,1,
1419529573,TrafficAnalysis_VDOS-TCPACK-S-02_2014-12-25_17_46_09.txt/,VDOS-TCPACK-S-02,289,32.81392,TCP,MANY,MANY,894452,1,ACK(894476)RST(28)SYN(6)FIN(1)
1419530054,TrafficAnalysis_IPSTR-SSDP-S-02_2014-12-25_17_54_13.txt/,IPSTR-SSDP-S-02,298,299.0202,UDP,1900:SSDP+MANY,MANY,46943,1,
1419530465,TrafficAnalysis_VDOS-TCPFIN-S-02_2014-12-25_18_01_04.txt/,VDOS-TCPFIN-S-02,297,0.078784,UDP,53:DNS+MANY,MANY,4,1,
1419531459,TrafficAnalysis_TITAN-UDP-S-02_2014-12-25_18_17_38.txt/,TITAN-UDP-S-02,298,332.553,UDP,53:DNS+SOME,MANY,222,1,
1419531844,TrafficAnalysis_VDOS-TCPNO-S-02_2014-12-25_18_24_03.txt/,VDOS-TCPNO-S-02,297,1.2108,UDP,53:DNS+SOME,MANY,3,1,
1419532320,TrafficAnalysis_TITAN-UDPLAG-S-02_2014-12-25_18_31_58.txt/,TITAN-UDPLAG-S-02,298,326.0103,UDP,53:DNS+MANY,MANY,223,1,
1419533006,TrafficAnalysis_VDOS-TCPRST-S-02_2014-12-25_18_43_05.txt/,VDOS-TCPRST-S-02,115,56.520527,TCP,MANY,SOME,5009683,1,ACK(1)RST(5009704)SYN(2)FIN(1)
1419534543,TrafficAnalysis_REST-DNS-S-02_2014-12-25_19_09_02.txt/,REST-DNS-S-02,297,1520.4656,UDP,53:DNS+MANY,MANY,1087,1,
1419535627,TrafficAnalysis_REST-NTP-S-02_2014-12-25_19_27_06.txt/,REST-NTP-S-02,299,377.46854,UDP,123:NTP+SOME,80:HTTP+MANY,1528,1,
1419537704,TrafficAnalysis_VDOS-XSYN-S-02_2014-12-25_20_01_31.txt/,VDOS-XSYN-S-02,284,30.51684,TCP,MANY,SOME,831136,1,CWR(6)ECE(2)ACK(3359)RST(30022)SYN(831138)FIN(4)
1419538333,TrafficAnalysis_REST-UDP-S-02_2014-12-25_20_12_12.txt/,REST-UDP-S-02,299,847.4191,UDP,53:DNS+SOME,MANY,1074,1,
1419538943,TrafficAnalysis_REST-UDPLAG-S-02_2014-12-25_20_22_22.txt/,REST-UDPLAG-S-02,298,146.69154,UDP,53:DNS+SOME,MANY,86,1,
1419548401,TrafficAnalysis_VDOS-SSDP-S-01_2014-12-25_23_00_00.txt/,VDOS-SSDP-S-01,298,267.94226,UDP,1900:SSDP+MANY,80:HTTP+MANY,120451,1,
1419548852,TrafficAnalysis_VDOS-SUDP-S-01_2014-12-25_23_07_31.txt/,VDOS-SUDP-S-01,297,760.91724,UDP,53:DNS+MANY,MANY,29297,1,
1419549890,TrafficAnalysis_VDOS-SSDP-S-02_2014-12-25_23_24_49.txt/,VDOS-SSDP-S-02,298,353.8169,UDP,1900:SSDP+MANY,80:HTTP+MANY,304536,1,
1419550353,TrafficAnalysis_VDOS-SUDP-S-02_2014-12-25_23_32_32.txt/,VDOS-SUDP-S-02,298,703.05457,UDP,53:DNS+MANY,MANY,29291,1,
1419616084,TrafficAnalysis_DEST-CHARGEN-S-01_2014-12-26_17_48_03.txt/,DEST-CHARGEN-S-01,297,0.010672,UDP,53:DNS+SOME,MANY,2,1,
1419616511,TrafficAnalysis_NETNET-ESSYN-S-01_2014-12-26_17_55_09.txt/,NETNET-ESSYN-S-01,297,0.0084,UDP,53:DNS+,MANY,1,1,
1419617102,TrafficAnalysis_DEST-DNS-S-01_2014-12-26_18_05_01.txt/,DEST-DNS-S-01,297,0.008176,UDP,53:DNS+,MANY,2,1,
1419617473,TrafficAnalysis_NETNET-SSYN-S-01_2014-12-26_18_11_12.txt/,NETNET-SSYN-S-01,297,0.012416,UDP,53:DNS+SOME,MANY,2,1,
1419617936,TrafficAnalysis_DEST-NTP-S-01_2014-12-26_18_18_55.txt/,DEST-NTP-S-01,298,0.0084,UDP,53:DNS+,MANY,1,1,
1419619550,TrafficAnalysis_NETNET-XSYN-S-01_2014-12-26_18_45_49.txt/,NETNET-XSYN-S-01,298,0.008368,UDP,53:DNS+,MANY,2,1,
1419619955,TrafficAnalysis_DEST-NUDP-S-01_2014-12-26_18_52_34.txt/,DEST-NUDP-S-01,297,0.008288,UDP,53:DNS+,MANY,2,1,
1419843388,TrafficAnalysis_ANON-GHPGET-S-01_2014-12-29_08_56_27.txt/,ANON-GHPGET-S-01,297,0.007632,UDP,53:DNS+,MANY,1,1,
1419843984,TrafficAnalysis_DEST-SSDP-S-01_2014-12-29_09_06_23.txt/,DEST-SSDP-S-01,295,0.008336,UDP,53:DNS+,MANY,1,1,
1419844371,TrafficAnalysis_ANON-XML-S-01_2014-12-29_09_12_44.txt/,ANON-XML-S-01,255,6.525344,TCP,MANY,SOME,1913,1,CWR(6)ECE(6)ACK(1915)PSH(1915)RST(13)SYN(1922)FIN(1908)
1419844801,TrafficAnalysis_ANON-GHPHEAD-S-01_2014-12-29_09_20_00.txt/,ANON-GHPHEAD-S-01,297,0.032424,UDP,53:DNS+SOME,MANY,2,1,
1419845238,TrafficAnalysis_ANON-SLOW-S-01_2014-12-29_09_27_17.txt/,ANON-SLOW-S-01,298,0.032512,UDP,53:DNS+,MANY,1,1,
1419845990,TrafficAnalysis_DEST-SUDP-S-01_2014-12-29_09_39_49.txt/,DEST-SUDP-S-01,297,0.012416,UDP,53:DNS+SOME,MANY,2,1,
1419846372,TrafficAnalysis_ANON-SRCGET-S-01_2014-12-29_09_46_11.txt/,ANON-SRCGET-S-01,297,0.007568,UDP,53:DNS+,MANY,1,1,
1419846803,TrafficAnalysis_DEST-UDP-S-01_2014-12-29_09_53_22.txt/,DEST-UDP-S-01,297,0.007568,UDP,53:DNS+,MANY,1,1,
1419847287,TrafficAnalysis_ANON-GHPPOST-S-01_2014-12-29_10_01_26.txt/,ANON-GHPPOST-S-01,297,0.010672,UDP,53:DNS+SOME,MANY,3,1,
1419847831,TrafficAnalysis_DEST-CHARGEN-S-02_2014-12-29_10_10_30.txt/,DEST-CHARGEN-S-02,297,7.04E-4,UDP,53:DNS+SOME,MANY,2,1,
1419848240,TrafficAnalysis_ANON-SRCHEAD-S-01_2014-12-29_10_17_19.txt/,ANON-SRCHEAD-S-01,297,0.007568,UDP,53:DNS+,MANY,1,1,
1419848656,TrafficAnalysis_DEST-DNS-S-02_2014-12-29_10_24_15.txt/,DEST-DNS-S-02,297,0.014176,UDP,53:DNS+SOME,MANY,2,1,
1419849097,TrafficAnalysis_ANON-SRCPOST-S-01_2014-12-29_10_31_36.txt/,ANON-SRCPOST-S-01,297,0.012416,UDP,53:DNS+SOME,MANY,3,1,
1419849532,TrafficAnalysis_DEST-NTP-S-02_2014-12-29_10_38_51.txt/,DEST-NTP-S-02,298,379.3134,UDP,123:NTP+MANY,80:HTTP+MANY,1348,1,
1419849911,TrafficAnalysis_ANON-GHPGET-S-02_2014-12-29_10_45_10.txt/,ANON-GHPGET-S-02,298,3.472656,UDP,123:NTP+SOME,80:HTTP+MANY,2,1,
1419850286,TrafficAnalysis_DEST-NUDP-S-02_2014-12-29_10_51_25.txt/,DEST-NUDP-S-02,297,0.007728,UDP,53:DNS+,MANY,1,1,
1419850647,TrafficAnalysis_ANON-GHPHEAD-S-02_2014-12-29_10_57_26.txt/,ANON-GHPHEAD-S-02,298,0.008256,UDP,53:DNS+,MANY,2,1,
1419851051,TrafficAnalysis_DEST-SSDP-S-02_2014-12-29_11_04_10.txt/,DEST-SSDP-S-02,298,0.012416,UDP,53:DNS+SOME,MANY,4,1,
1419851504,TrafficAnalysis_ANON-SLOW-S-02_2014-12-29_11_11_43.txt/,ANON-SLOW-S-02,298,0.008336,UDP,53:DNS+,MANY,2,1,
1419852153,TrafficAnalysis_DEST-SUDP-S-02_2014-12-29_11_22_32.txt/,DEST-SUDP-S-02,297,0.008336,UDP,53:DNS+,MANY,2,1,
1419852530,TrafficAnalysis_ANON-GHPPOST-S-02_2014-12-29_11_28_49.txt/,ANON-GHPPOST-S-02,298,0.012416,UDP,53:DNS+SOME,MANY,3,1,
1419853016,TrafficAnalysis_DEST-UDP-S-02_2014-12-29_11_36_55.txt/,DEST-UDP-S-02,297,0.032688,UDP,53:DNS+,MANY,1,1,
1419854811,TrafficAnalysis_IPSTR-ARME-S-01_2014-12-29_12_06_46.txt/,IPSTR-ARME-S-01,164,30.855087,TCP,SOME,SOME,7,1,SYN(7)
1419855500,TrafficAnalysis_IPSTR-RUDY-S-01_2014-12-29_12_17_25.txt/,IPSTR-RUDY-S-01,163,31.065712,TCP,MANY,MANY,5,1,SYN(5)
1419855840,TrafficAnalysis_IPSTR-SLOW-S-01_2014-12-29_12_23_45.txt/,IPSTR-SLOW-S-01,104,30.897425,TCP,SOME,SOME,3,1,SYN(3)
1419856358,TrafficAnalysis_IPSTR-ARME-S-02_2014-12-29_12_32_33.txt/,IPSTR-ARME-S-02,294,30.74152,TCP,SOME,SOME,5,1,SYN(5)
1419856748,TrafficAnalysis_IPSTR-RUDY-S-02_2014-12-29_12_39_02.txt/,IPSTR-RUDY-S-02,256,30.787024,TCP,SOME,SOME,3,1,SYN(3)
1419857200,TrafficAnalysis_IPSTR-SLOW-S-02_2014-12-29_12_46_35.txt/,IPSTR-SLOW-S-02,258,30.90232,TCP,MANY,MANY,13,1,RST(1)SYN(13)
1419858010,TrafficAnalysis_TITAN-RUDY-S-01_2014-12-29_13_00_09.txt/,TITAN-RUDY-S-01,298,510.01407,UDP,53:DNS+MANY,MANY,87,1,
1419858581,TrafficAnalysis_TITAN-SLOW-S-01_2014-12-29_13_09_40.txt/,TITAN-SLOW-S-01,297,473.02335,UDP,53:DNS+SOME,MANY,86,1,
1419858947,TrafficAnalysis_TITAN-RUDY-S-02_2014-12-29_13_15_46.txt/,TITAN-RUDY-S-02,299,487.6958,UDP,53:DNS+,MANY,84,1,
1419859365,TrafficAnalysis_TITAN-SLOW-S-02_2014-12-29_13_22_44.txt/,TITAN-SLOW-S-02,299,501.19495,UDP,53:DNS+,MANY,85,1,
1419863294,TrafficAnalysis_NETCOM-CHARGEN-S-01_2014-12-29_14_28_13.txt/,NETCOM-CHARGEN-S-01,298,426.33087,UDP,1900:SSDP+MANY,80:HTTP+MANY,68419,1,
1419863800,TrafficAnalysis_LEGION-SUDP-S-02_2014-12-29_14_36_38.txt/,LEGION-SUDP-S-02,298,0.21168,UDP,53:DNS+MANY,80:HTTP+MANY,28,1,
1419864884,TrafficAnalysis_NETCOM-DNS-S-01_2014-12-29_14_54_44.txt/,NETCOM-DNS-S-01,299,418.49252,UDP,1900:SSDP+MANY,80:HTTP+MANY,146213,1,
1419865510,TrafficAnalysis_DEST-ESSYN-S-02_2014-12-29_15_05_10.txt/,DEST-ESSYN-S-02,299,2.917856,UDP,1900:SSDP+MANY,80:HTTP+MANY,514,1,
1419866087,TrafficAnalysis_NETCOM-NTP-S-01_2014-12-29_15_14_46.txt/,NETCOM-NTP-S-01,299,456.5401,UDP,1900:SSDP+MANY,80:HTTP+MANY,115652,1,
1419866458,TrafficAnalysis_DEST-SSYN-S-02_2014-12-29_15_20_57.txt/,DEST-SSYN-S-02,298,0.74044,UDP,1900:SSDP+MANY,80:HTTP+MANY,64,1,
1419867040,TrafficAnalysis_NETCOM-SNMP-S-01_2014-12-29_15_30_39.txt/,NETCOM-SNMP-S-01,299,405.67966,UDP,1900:SSDP+MANY,80:HTTP+MANY,41884,1,
1419867429,TrafficAnalysis_DEST-XSYN-S-02_2014-12-29_15_37_08.txt/,DEST-XSYN-S-02,298,6.4E-4,UDP,53:DNS+1900:SSDP+MANY,80:HTTP+MANY,22,1,
1419867821,TrafficAnalysis_NETCOM-UDP-S-01_2014-12-29_15_43_40.txt/,NETCOM-UDP-S-01,299,463.25906,UDP,1900:SSDP+MANY,80:HTTP+MANY,82836,1,
1419868285,TrafficAnalysis_REST-GHPGET-S-01_2014-12-29_15_51_24.txt/,REST-GHPGET-S-01,298,0.25024,UDP,53:DNS+1900:SSDP+MANY,80:HTTP+MANY,18,1,
1419868883,TrafficAnalysis_NETCOM-UDPLAG-S-01_2014-12-29_16_01_23.txt/,NETCOM-UDPLAG-S-01,299,444.09073,UDP,1900:SSDP+MANY,80:HTTP+MANY,60157,1,
1419869314,TrafficAnalysis_REST-RUDY-S-01_2014-12-29_16_08_33.txt/,REST-RUDY-S-01,298,0.49772,UDP,1900:SSDP+MANY,80:HTTP+MANY,20,1,
1419869742,TrafficAnalysis_NETCOM-CHARGEN-S-02_2014-12-29_16_15_41.txt/,NETCOM-CHARGEN-S-02,298,418.65707,UDP,1900:SSDP+MANY,80:HTTP+MANY,111842,1,
1419870227,TrafficAnalysis_REST-SRCHEAD-S-01_2014-12-29_16_23_46.txt/,REST-SRCHEAD-S-01,298,0.185736,UDP,53:DNS+MANY,80:HTTP+MANY,36,1,
1419880340,TrafficAnalysis_REST-GHPHEAD-01_2014-12-29_19_12_20.txt/,REST-GHPHEAD-01,298,0.092272,UDP,53:DNS+MANY,MANY,7,1,
1419880769,TrafficAnalysis_NETCOM-DNS-S-02_2014-12-29_19_19_28.txt/,NETCOM-DNS-S-02,299,364.9929,UDP,1900:SSDP+MANY,80:HTTP+MANY,49063,1,
1419881143,TrafficAnalysis_LEGION-SUDP-S-01_2014-12-29_19_25_42.txt/,LEGION-SUDP-S-01,298,0.606632,UDP,1900:SSDP+MANY,80:HTTP+MANY,44,1,
1419881507,TrafficAnalysis_REST-SRCGET-S-01_2014-12-29_19_31_46.txt/,REST-SRCGET-S-01,297,0.127944,UDP,53:DNS+1900:SSDP+MANY,80:HTTP+MANY,7,1,
1419881899,TrafficAnalysis_NETCOM-NTP-S-02_2014-12-29_19_38_18.txt/,NETCOM-NTP-S-02,298,367.52573,UDP,1900:SSDP+MANY,80:HTTP+MANY,60650,1,
1419882417,TrafficAnalysis_REST-XML-S-01_2014-12-29_19_46_50.txt/,REST-XML-S-01,281,6.045528,TCP,MANY,SOME,2163,1,CWR(6)ECE(6)ACK(2168)PSH(2168)RST(15)SYN(2175)FIN(2164)
1419883265,TrafficAnalysis_REST-GHPPOST-S-01_2014-12-29_20_01_04.txt/,REST-GHPPOST-S-01,297,0.056304,UDP,53:DNS+SOME,MANY,2,1,
1419883842,TrafficAnalysis_NETCOM-SNMP-S-02_2014-12-29_20_10_41.txt/,NETCOM-SNMP-S-02,299,358.58133,UDP,1900:SSDP+MANY,80:HTTP+MANY,37803,1,
1419884298,TrafficAnalysis_REST-SLOW-S-01_2014-12-29_20_18_18.txt/,REST-SLOW-S-01,299,0.333728,UDP,1900:SSDP+53:DNS+SOME,80:HTTP+MANY,17,1,
1419884628,TrafficAnalysis_NETCOM-UDP-S-02_2014-12-29_20_23_48.txt/,NETCOM-UDP-S-02,299,301.1296,UDP,1900:SSDP+MANY,80:HTTP+MANY,33180,1,
1419885060,TrafficAnalysis_REST-SRCPOST-S-01_2014-12-29_20_30_59.txt/,REST-SRCPOST-S-01,298,1.043776,UDP,53:DNS+1900:SSDP+SOME,80:HTTP+MANY,12,1,
1419885577,TrafficAnalysis_NETCOM-UDPLAG-S-02_2014-12-29_20_39_37.txt/,NETCOM-UDPLAG-S-02,298,410.59247,UDP,1900:SSDP+MANY,80:HTTP+MANY,38504,1,
1420218382,TrafficAnalysis_NETCOM-ESSYN-S-01_2015-01-02_17_06_21.txt/,NETCOM-ESSYN-S-01,297,0.007728,UDP,53:DNS+,MANY,1,1,
1420220089,TrafficAnalysis_NETCOM-ESSYN-S-02_2015-01-02_17_34_48.txt/,NETCOM-ESSYN-S-02,297,0.007888,UDP,53:DNS+,MANY,1,1,
1420227795,TrafficAnalysis_DEST-GET-S-01_2015-01-02_19_43_15.txt/,DEST-GET-S-01,299,0.048312,UDP,MANY,53:DNS+SOME,1,1,
1420228129,TrafficAnalysis_REST-SRCGET-S-02_2015-01-02_19_48_49.txt/,REST-SRCGET-S-02,299,0.048312,UDP,MANY,53:DNS+SOME,1,1,
1420229849,TrafficAnalysis_NETNET-DNS-S-02_2015-01-02_20_17_27.txt/,NETNET-DNS-S-02,297,0.010672,UDP,53:DNS+MANY,MANY,6,1,
1420231199,TrafficAnalysis_NETNET-CHARGEN-S-02_2015-01-02_20_39_58.txt/,NETNET-CHARGEN-S-02,297,0.008336,UDP,53:DNS+,MANY,1,1,
1420231643,TrafficAnalysis_NETNET-NTP-S-02_2015-01-02_20_47_22.txt/,NETNET-NTP-S-02,297,0.008336,UDP,53:DNS+,MANY,1,1,
1420232074,TrafficAnalysis_NETNET-SSDP-S-02_2015-01-02_20_54_33.txt/,NETNET-SSDP-S-02,298,0.012416,UDP,53:DNS+MANY,MANY,7,1,
1420232639,TrafficAnalysis_NETNET-SSYN-S-02_2015-01-02_21_03_58.txt/,NETNET-SSYN-S-02,298,0.007568,UDP,53:DNS+,MANY,1,1,
1420233156,TrafficAnalysis_NETNET-SUDP-S-02_2015-01-02_21_12_35.txt/,NETNET-SUDP-S-02,298,0.007568,UDP,53:DNS+,MANY,1,1,
1420233665,TrafficAnalysis_NETNET-XSYN-S-02_2015-01-02_21_21_04.txt/,NETNET-XSYN-S-02,297,1.078672,UDP,53:DNS+SOME,MANY,2,2,
1420319741,TrafficAnalysis_RAGE-CHARGEN-S-01_2015-01-03_21_15_40.txt/,RAGE-CHARGEN-S-01,298,0.0076,UDP,53:DNS+,MANY,1,1,
1420320160,TrafficAnalysis_RAGE-NTP-S-01_2015-01-03_21_22_39.txt/,RAGE-NTP-S-01,298,483.82764,UDP,123:NTP+SOME,80:HTTP+MANY,1666,1,
1420320730,TrafficAnalysis_RAGE-SSDP-S-01_2015-01-03_21_32_09.txt/,RAGE-SSDP-S-01,297,2.241456,UDP,123:NTP+SOME,80:HTTP+MANY,2,1,
1420321126,TrafficAnalysis_RAGE-UDP-S-01_2015-01-03_21_38_45.txt/,RAGE-UDP-S-01,297,0.009616,UDP,53:DNS+,MANY,1,1,
1420321435,TrafficAnalysis_RAGE-UDPLAG-S-01_2015-01-03_21_43_54.txt/,RAGE-UDPLAG-S-01,297,0.0076,UDP,53:DNS+SOME,MANY,2,1,
1420321895,TrafficAnalysis_RAGE-SSYN-S-01_2015-01-03_21_51_34.txt/,RAGE-SSYN-S-01,298,0.0076,UDP,53:DNS+,MANY,1,1,
1420322219,TrafficAnalysis_RAGE-ESSYN-S-01_2015-01-03_21_56_58.txt/,RAGE-ESSYN-S-01,297,0.012416,UDP,53:DNS+SOME,MANY,2,1,
1420322561,TrafficAnalysis_RAGE-CHARGEN-S-02_2015-01-03_22_02_40.txt/,RAGE-CHARGEN-S-02,298,303.39685,UDP,19:CharGen+MANY,2001:unknown+MANY,1284,1,
1420323302,TrafficAnalysis_RAGE-NTP-S-02_2015-01-03_22_15_01.txt/,RAGE-NTP-S-02,298,0.020752,UDP,53:DNS+SOME,MANY,2,1,
1420324604,TrafficAnalysis_RAGE-SSDP-S-02_2015-01-03_22_36_43.txt/,RAGE-SSDP-S-02,298,312.1292,UDP,19:CharGen+MANY,2001:unknown+MANY,1267,1,
1420324676,TrafficAnalysis_RAGE-UDP-S-02_2015-01-03_22_37_56.txt/,RAGE-UDP-S-02,298,312.1292,UDP,19:CharGen+MANY,2001:unknown+MANY,1267,1,
1420325048,TrafficAnalysis_RAGE-UDPLAG-S-02_2015-01-03_22_44_07.txt/,RAGE-UDPLAG-S-02,299,42.959095,UDP,19:CharGen+MANY,2001:unknown+MANY,1224,1,
1420326659,TrafficAnalysis_RAGE-SSYN-S-02_2015-01-03_23_10_58.txt/,RAGE-SSYN-S-02,297,0.012416,UDP,53:DNS+SOME,MANY,2,1,
1420327208,TrafficAnalysis_RAGE-ESSYN-S-02_2015-01-03_23_20_03.txt/,RAGE-ESSYN-S-02,272,7.04472,TCP,MANY,MANY,460989,1,ACK(1)SYN(461040)
1420494681,TrafficAnalysis_LEGION-ARME-S-01_2015-01-05_21_51_20.txt/,LEGION-ARME-S-01,298,0.007568,UDP,53:DNS+,MANY,1,1,
1420495096,TrafficAnalysis_LEGION-GET-S-01_2015-01-05_21_58_15.txt/,LEGION-GET-S-01,297,0.01144,UDP,53:DNS+MANY,MANY,6,1,
1420495530,TrafficAnalysis_LEGION-HEAD-S-01_2015-01-05_22_05_29.txt/,LEGION-HEAD-S-01,298,0.012416,UDP,53:DNS+MANY,MANY,7,1,
1420496049,TrafficAnalysis_LEGION-POST-S-01_2015-01-05_22_14_08.txt/,LEGION-POST-S-01,298,0.007568,UDP,53:DNS+,MANY,1,1,
1420496552,TrafficAnalysis_LEGION-RUDY-S-01_2015-01-05_22_22_31.txt/,LEGION-RUDY-S-01,297,0.007728,UDP,53:DNS+,MANY,1,1,
1420497060,TrafficAnalysis_LEGION-SLOW-S-01_2015-01-05_22_30_59.txt/,LEGION-SLOW-S-01,297,0.008336,UDP,53:DNS+,MANY,1,1,
1420497494,TrafficAnalysis_LEGION-XML-S-01_2015-01-05_22_38_13.txt/,LEGION-XML-S-01,297,0.007568,UDP,53:DNS+,MANY,1,1,
1420497956,TrafficAnalysis_KRYPT-XSYN-S-01_2015-01-05_22_45_51.txt/,KRYPT-XSYN-S-01,293,40.60909,TCP,MANY,MANY,1244880,1,CWR(6)ECE(8)ACK(6923)PSH(1)RST(62557)SYN(1244828)FIN(41)
1420498348,TrafficAnalysis_KRYPT-NTP-S-01_2015-01-05_22_52_27.txt/,KRYPT-NTP-S-01,298,531.6935,UDP,123:NTP+MANY,80:HTTP+MANY,3133,1,
1420498881,TrafficAnalysis_LEGION-ARME-S-02_2015-01-05_23_01_20.txt/,LEGION-ARME-S-02,297,0.0076,UDP,53:DNS+,MANY,1,1,
1420588279,TrafficAnalysis_KRYPT-XSYN-S-02_2015-01-06_23_51_17.txt/,KRYPT-XSYN-S-02,293,37.690327,TCP,MANY,MANY,1467408,1,CWR(11)ECE(10)ACK(8343)RST(74136)SYN(1467308)FIN(46)
1420588681,TrafficAnalysis_KRYPT-NTP-S-02_2015-01-06_23_58_00.txt/,KRYPT-NTP-S-02,299,489.90305,UDP,123:NTP+MANY,80:HTTP+MANY,3012,1,
1420589224,TrafficAnalysis_KRYPT-UDPLAG-S-02_2015-01-07_00_07_03.txt/,KRYPT-UDPLAG-S-02,298,19.935272,UDP,19:CharGen+SOME,39518:unknown+MANY,389,1,
1420590130,TrafficAnalysis_KRYPT-UDPLAG-S-01_2015-01-07_00_22_09.txt/,KRYPT-UDPLAG-S-01,299,20.6908,UDP,19:CharGen+MANY,46875:unknown+MANY,389,1,
1420625354,TrafficAnalysis_prod-anon-030.txt/,prod-anon-030,7,0.25392,TCP,MANY,MANY,172,1,ACK(97)PSH(59)RST(10)SYN(110)FIN(46)
1421357686,TrafficAnalysis_prod-anon-035.txt/,prod-anon-035,12,12.367072,UDP,49164:unknown+MANY,3072:unknown+1:TCPMUX+MANY,2824,2672,
1425286830,TrafficAnalysis_prod-anon-011.txt/,prod-anon-011,32,3.118576,UDP,MANY,80:HTTP+,260,1,
1425286830,TrafficAnalysis_prod-anon-017.txt/,prod-anon-017,32,3.118576,UDP,MANY,80:HTTP+,260,1,
1425286862,TrafficAnalysis_prod-anon-012.txt/,prod-anon-012,26,3.741704,UDP,MANY,80:HTTP+,263,1,
1425458164,TrafficAnalysis_prod-anon-046.txt/,prod-anon-046,21,1.856488,UDP,MANY,MANY,1153,1,
1425458170,TrafficAnalysis_prod-anon-045.txt/,prod-anon-045,31,1.196728,TCP,MANY,MANY,1185,1,CWR(177)ECE(392)URG(118)ACK(735)PSH(93)RST(313)SYN(1187)FIN(281)
1425458479,TrafficAnalysis_prod-anon-031.txt/,prod-anon-031,15,0.393064,TCP,MANY,SOME,8165,1,CWR(4761)ECE(4761)ACK(598)PSH(57)RST(573)SYN(8017)FIN(22)
1425463956,TrafficAnalysis_prod-anon-047.txt/,prod-anon-047,51,0.898624,TCP,MANY,MANY,1544,1,CWR(182)ECE(462)URG(123)ACK(1030)PSH(102)RST(351)SYN(1557)FIN(333)
1425464012,TrafficAnalysis_prod-anon-049.txt/,prod-anon-049,24,1.552824,UDP,MANY,MANY,2071,1,
1425464081,TrafficAnalysis_prod-anon-048.txt/,prod-anon-048,40,1.116944,TCP,MANY,MANY,1503,1,CWR(180)ECE(466)URG(124)ACK(997)PSH(104)RST(346)SYN(1515)FIN(333)
1425464105,TrafficAnalysis_prod-anon-050.txt/,prod-anon-050,23,1.703856,UDP,MANY,MANY,2066,1,
1425555008,TrafficAnalysis_prod-anon-013.txt/,prod-anon-013,29,2.719648,UDP,123:NTP+,80:HTTP+SOME,1468,1,
1427188571,TrafficAnalysis_prod-anon-032.txt/,prod-anon-032,21,8.580248,UDP,16705:unknown+MANY,16705:unknown+SOME,10,11,
1427188647,TrafficAnalysis_prod-anon-033.txt/,prod-anon-033,22,11.150912,UDP,16705:unknown+MANY,16705:unknown+SOME,16,17,
1427382750,TrafficAnalysis_BOOTIO-CHARGEN-S-01_2015-03-26_15%3A12%3A29.txt/,BOOTIO-CHARGEN-S-01,298,1128.2563,UDP,19:CharGen+SOME,2015:unknown+MANY,291,1,
1427383297,TrafficAnalysis_BOOTIO-CHARGEN-S-02_2015-03-26_15%3A21%3A36.txt/,BOOTIO-CHARGEN-S-02,299,1156.3275,UDP,19:CharGen+SOME,2015:unknown+MANY,293,1,
1427383713,TrafficAnalysis_BOOTIO-SSDP-S-01_2015-03-26_15%3A28%3A32.txt/,BOOTIO-SSDP-S-01,298,543.72235,UDP,1900:SSDP+MANY,80:HTTP+MANY,16321,1,
1427384081,TrafficAnalysis_BOOTIO-SSDP-S-02_2015-03-26_15%3A34%3A40.txt/,BOOTIO-SSDP-S-02,298,496.51993,UDP,1900:SSDP+MANY,80:HTTP+MANY,16287,1,
1427385238,TrafficAnalysis_BOOTIO-NTP-S-01_2015-03-26_15%3A53%3A57.txt/,BOOTIO-NTP-S-01,298,355.3913,UDP,123:NTP+MANY,80:HTTP+MANY,541,1,
1427385998,TrafficAnalysis_POWER-NTP-S-01_2015-03-26_16%3A06%3A37.txt/,POWER-NTP-S-01,297,0.031176,UDP,53:DNS+,MANY,1,1,
1427386620,TrafficAnalysis_BOOTIO-NTP-S-02_2015-03-26_16%3A16%3A58.txt/,BOOTIO-NTP-S-02,297,540.84937,UDP,123:NTP+SOME,80:HTTP+MANY,415,1,
1427387224,TrafficAnalysis_POWER-NTP-S-02_2015-03-26_16%3A27%3A03.txt/,POWER-NTP-S-02,297,0.024248,UDP,53:DNS+SOME,MANY,2,1,
1427387673,TrafficAnalysis_POWER-SNMP-S-01_2015-03-26_16%3A34%3A32.txt/,POWER-SNMP-S-01,297,0.007568,UDP,53:DNS+,MANY,1,1,
1427388092,TrafficAnalysis_BOOTIO-UDPLAG-S-01_2015-03-26_16%3A41%3A31.txt/,BOOTIO-UDPLAG-S-01,297,1.864872,UDP,19:CharGen+53:DNS+MANY,54:XNS+MANY,8,1,
1427388436,TrafficAnalysis_BOOTIO-UDPLAG-S-02_2015-03-26_16%3A47%3A15.txt/,BOOTIO-UDPLAG-S-02,298,2.071744,UDP,19:CharGen+53:DNS+,54:XNS+MANY,4,1,
1427388830,TrafficAnalysis_BOOTIO-SSYN-S-01_2015-03-26_16%3A53%3A47.txt/,BOOTIO-SSYN-S-01,263,29.723791,TCP,MANY,MANY,557090,1,CWR(5)ECE(4)ACK(2160)PSH(1)RST(20880)SYN(557109)FIN(2)
1427389197,TrafficAnalysis_BOOTIO-SSYN-S-02_2015-03-26_16%3A59%3A53.txt/,BOOTIO-SSYN-S-02,293,41.642952,TCP,MANY,MANY,1574289,1,CWR(8)ECE(12)ACK(8110)PSH(2)RST(75038)SYN(1574228)FIN(49)
1427390437,TrafficAnalysis_POWER-SNMP-S-02_2015-03-26_17%3A20%3A36.txt/,POWER-SNMP-S-02,298,0.031176,UDP,53:DNS+,MANY,1,1,
1427390869,TrafficAnalysis_POWER-TCPAMP-S-01_2015-03-26_17%3A27%3A48.txt/,POWER-TCPAMP-S-01,297,0.007728,UDP,53:DNS+,MANY,1,1,
1427391250,TrafficAnalysis_POWER-TCPAMP-S-02_2015-03-26_17%3A34%3A09.txt/,POWER-TCPAMP-S-02,297,0.007632,UDP,53:DNS+,MANY,1,1,
1427397490,TrafficAnalysis_POWER-SSYN-S-01_2015-03-26_19%3A18%3A10.txt/,POWER-SSYN-S-01,298,5.76E-4,UDP,53:DNS+MANY,MANY,5,1,
1427398099,TrafficAnalysis_POWER-SSYN-S-02_2015-03-26_19%3A28%3A17.txt/,POWER-SSYN-S-02,297,0.052376,UDP,53:DNS+MANY,MANY,4,1,
1427896226,TrafficAnalysis_prod-anon-039.txt/,prod-anon-039,43,3.128416,UDP,MANY,MANY,1746,1,
1427896489,TrafficAnalysis_prod-anon-038.txt/,prod-anon-038,54,5.060112,UDP,MANY,MANY,1747,1,
1427896646,TrafficAnalysis_prod-anon-036.txt/,prod-anon-036,13,13.524048,UDP,53:DNS+49164:unknown+MANY,4:Unassigned+1:TCPMUX+MANY,1738,1602,
1427896659,TrafficAnalysis_prod-anon-037.txt/,prod-anon-037,6,13.326408,UDP,53:DNS+49164:unknown+MANY,4:Unassigned+1:TCPMUX+MANY,1417,1275,
1428068431,TrafficAnalysis_prod-anon-006.txt/,prod-anon-006,55,0.980928,UDP,123:NTP+SOME,80:HTTP+SOME,936,1,
1428068486,TrafficAnalysis_prod-anon-007.txt/,prod-anon-007,58,1.074304,UDP,123:NTP+SOME,80:HTTP+SOME,954,1,
1428310400,TrafficAnalysis_RAGE-XYN-S-01_2015-04-06_08%3A53%3A19.txt/,RAGE-XYN-S-01,297,0.025472,UDP,53:DNS+SOME,MANY,3,1,
1428313109,TrafficAnalysis_RAGE-XYN-S-02_2015-04-06_09%3A38%3A29.txt/,RAGE-XYN-S-02,298,0.055528,UDP,53:DNS+SOME,MANY,4,1,
1428313980,TrafficAnalysis_ANON-SRCGET-S-02_2015-04-06_09%3A53%3A00.txt/,ANON-SRCGET-S-02,298,0.020784,UDP,53:DNS+,MANY,1,1,
1428314407,TrafficAnalysis_ANON-SRCPOST-S-02_2015-04-06_10%3A00%3A07.txt/,ANON-SRCPOST-S-02,298,0.021488,UDP,53:DNS+,MANY,1,1,
1428349380,TrafficAnalysis_ANON-SRCHEAD-S-02_2015-04-06_19%3A42%3A59.txt/,ANON-SRCHEAD-S-02,298,0.020784,UDP,53:DNS+,MANY,1,1,
1428350488,TrafficAnalysis_ANON-XML-S-02_2015-04-06_20%3A01%3A24.txt/,ANON-XML-S-02,229,5.915456,TCP,MANY,SOME,1791,1,CWR(7)ECE(7)ACK(1792)PSH(1792)RST(12)SYN(1799)FIN(1787)
1428426592,TrafficAnalysis_HORNY-SSDP-S-01_2015-04-07_17_09_52.txt/,HORNY-SSDP-S-01,299,126.841415,UDP,1900:SSDP+MANY,80:HTTP+MANY,41011,1,
1428426924,TrafficAnalysis_HORNY-TCPRND-S-01_2015-04-07_17_15_24.txt/,HORNY-TCPRND-S-01,298,0.694552,UDP,1900:SSDP+53:DNS+,80:HTTP+MANY,39,1,
1428427299,TrafficAnalysis_HORNY-NTP-S-01_2015-04-07_17_21_38.txt/,HORNY-NTP-S-01,298,464.71323,UDP,123:NTP+MANY,80:HTTP+MANY,4189,1,
1428427651,TrafficAnalysis_HORNY-TCPFUCK-S-01_2015-04-07_17_27_30.txt/,HORNY-TCPFUCK-S-01,298,17.387247,UDP,123:NTP+SOME,80:HTTP+MANY,13,1,
1428427980,TrafficAnalysis_HORNY-DNS-S-01_2015-04-07_17_32_59.txt/,HORNY-DNS-S-01,298,0.008808,UDP,53:DNS+,MANY,1,1,
1428428354,TrafficAnalysis_HORNY-TCPSEQ-S-01_2015-04-07_17_39_13.txt/,HORNY-TCPSEQ-S-01,298,7.004912,UDP,123:NTP+SOME,80:HTTP+MANY,3,1,
1428428700,TrafficAnalysis_HORNY-CHARGEN-S-01_2015-04-07_17_44_59.txt/,HORNY-CHARGEN-S-01,298,700.06116,UDP,19:CharGen+MANY,8080:unknown+MANY,1208,1,
1428429036,TrafficAnalysis_HORNY-TCPRES2-S-01_2015-04-07_17_50_35.txt/,HORNY-TCPRES2-S-01,297,0.012416,UDP,53:DNS+SOME,MANY,3,1,
1428429373,TrafficAnalysis_HORNY-MSSQL-S-01_2015-04-07_17_56_12.txt/,HORNY-MSSQL-S-01,297,253.33661,UDP,1434:unknown+MANY,1434:unknown+MANY,1102,1,
1428429744,TrafficAnalysis_HORNY-TCPPTR-S-01_2015-04-07_18_02_23.txt/,HORNY-TCPPTR-S-01,299,6.4E-4,UDP,123:NTP+SOME,80:HTTP+MANY,2,1,
1428430228,TrafficAnalysis_BOOTIO-ESSYN-S-01_2015-04-07_18_10_28.txt/,BOOTIO-ESSYN-S-01,298,0.031176,UDP,53:DNS+MANY,MANY,5,1,
1428430573,TrafficAnalysis_HORNY-ESSYN-S-01_2015-04-07_18_16_10.txt/,HORNY-ESSYN-S-01,231,24.623568,TCP,MANY,SOME,582269,1,CWR(2)ECE(2)ACK(1721)RST(16847)SYN(582290)FIN(2)
1428430909,TrafficAnalysis_HORNY-TCPURG-S-01_2015-04-07_18_21_48.txt/,HORNY-TCPURG-S-01,297,3.2E-4,UDP,53:DNS+,MANY,1,1,
1428431237,TrafficAnalysis_HORNY-SYNACK-S-01_2015-04-07_18_27_15.txt/,HORNY-SYNACK-S-01,281,30.683376,TCP,MANY,SOME,597012,1,CWR(2)ACK(1811)RST(17414)SYN(597016)FIN(2)
1428431567,TrafficAnalysis_HORNY-TCPRST-S-01_2015-04-07_18_32_45.txt/,HORNY-TCPRST-S-01,281,21.207888,TCP,MANY,MANY,613617,1,RST(613649)SYN(4)
1428431993,TrafficAnalysis_HORNY-GET-S-01_2015-04-07_18_39_33.txt/,HORNY-GET-S-01,279,4.602816,TCP,MANY,MANY,729,1,CWR(3)ECE(3)ACK(219)PSH(211)RST(423)SYN(735)FIN(195)
1428432353,TrafficAnalysis_HORNY-TCPFIN-S-01_2015-04-07_18_45_52.txt/,HORNY-TCPFIN-S-01,298,6.4E-4,UDP,123:NTP+SOME,80:HTTP+MANY,3,1,
1428432721,TrafficAnalysis_HORNY-TCPPSH-S-01_2015-04-07_18_51_59.txt/,HORNY-TCPPSH-S-01,203,40.994766,TCP,MANY,SOME,3154585,1,PSH(3154621)SYN(3)
1428433223,TrafficAnalysis_ANON-SSDP-S-01_2015-04-07_19_00_22.txt/,ANON-SSDP-S-01,297,0.037384,UDP,53:DNS+,MANY,1,1,
1428436519,TrafficAnalysis_ANON-SSDP-S-02_2015-04-07_19_55_18.txt/,ANON-SSDP-S-02,298,230.4584,UDP,1900:SSDP+MANY,80:HTTP+MANY,56347,1,
1428436987,TrafficAnalysis_HORNY-GET-S-02_2015-04-07_20_02_52.txt/,HORNY-GET-S-02,285,3.98288,TCP,MANY,MANY,651,1,CWR(2)ECE(2)ACK(170)PSH(166)RST(361)SYN(661)FIN(152)
1428437319,TrafficAnalysis_HORNY-SSDP-S-02_2015-04-07_20_08_38.txt/,HORNY-SSDP-S-02,299,195.76079,UDP,1900:SSDP+MANY,80:HTTP+MANY,71303,1,
1428437654,TrafficAnalysis_HORNY-TCPRND-S-02_2015-04-07_20_14_13.txt/,HORNY-TCPRND-S-02,298,0.27568,UDP,53:DNS+1900:SSDP+,80:HTTP+MANY,27,1,
1428438005,TrafficAnalysis_HORNY-NTP-S-02_2015-04-07_20_20_04.txt/,HORNY-NTP-S-02,298,0.18612,UDP,53:DNS+SOME,MANY,3,1,
1428438349,TrafficAnalysis_HORNY-TCPFUCK-S-02_2015-04-07_20_25_48.txt/,HORNY-TCPFUCK-S-02,298,0.008336,UDP,53:DNS+,MANY,1,1,
1428438686,TrafficAnalysis_HORNY-DNS-S-02_2015-04-07_20_31_25.txt/,HORNY-DNS-S-02,298,709.95953,UDP,53:DNS+MANY,MANY,116072,1,
1428439028,TrafficAnalysis_HORNY-TCPSEQ-S-02_2015-04-07_20_37_07.txt/,HORNY-TCPSEQ-S-02,298,0.079872,UDP,53:DNS+SOME,MANY,11,1,
1428439368,TrafficAnalysis_HORNY-CHARGEN-S-02_2015-04-07_20_42_47.txt/,HORNY-CHARGEN-S-02,298,1000.25073,UDP,19:CharGen+MANY,8080:unknown+MANY,1224,1,
1428439726,TrafficAnalysis_HORNY-TCPRES2-S-02_2015-04-07_20_48_45.txt/,HORNY-TCPRES2-S-02,298,0.011344,UDP,53:DNS+SOME,MANY,5,1,
1428440067,TrafficAnalysis_HORNY-MSSQL-S-02_2015-04-07_20_54_26.txt/,HORNY-MSSQL-S-02,298,281.51727,UDP,1434:unknown+MANY,1434:unknown+MANY,1107,1,
1428440413,TrafficAnalysis_HORNY-TCPPTR-S-02_2015-04-07_21_00_12.txt/,HORNY-TCPPTR-S-02,297,0.012416,UDP,53:DNS+MANY,MANY,7,1,
1428440768,TrafficAnalysis_HORNY-ESSYN-S-02_2015-04-07_21_06_06.txt/,HORNY-ESSYN-S-02,284,33.056335,TCP,MANY,MANY,588069,1,CWR(2)ACK(1719)RST(16780)SYN(588082)FIN(2)
1428441129,TrafficAnalysis_HORNY-TCPURG-S-02_2015-04-07_21_12_07.txt/,HORNY-TCPURG-S-02,298,0.104896,UDP,53:DNS+SOME,MANY,5,1,
1428441478,TrafficAnalysis_HORNY-SYNACK-S-02_2015-04-07_21_17_56.txt/,HORNY-SYNACK-S-02,279,47.188503,TCP,MANY,MANY,1653958,1,CWR(7)ECE(5)ACK(4022)PSH(1)RST(38182)SYN(1653943)FIN(25)
1428441816,TrafficAnalysis_HORNY-TCPRST-S-02_2015-04-07_21_23_35.txt/,HORNY-TCPRST-S-02,298,0.011344,UDP,53:DNS+MANY,MANY,10,1,
1428442149,TrafficAnalysis_HORNY-TCPFIN-S-02_2015-04-07_21_29_07.txt/,HORNY-TCPFIN-S-02,259,33.75541,TCP,MANY,MANY,2899784,1,ACK(5)RST(13)SYN(5)
1428442499,TrafficAnalysis_HORNY-TCPPSH-S-02_2015-04-07_21_34_57.txt/,HORNY-TCPPSH-S-02,268,42.369488,TCP,MANY,MANY,3857887,1,PSH(3857918)RST(1)SYN(3)
1428442920,TrafficAnalysis_BOOTIO-ESSYN-S-02_2015-04-07_21_41_59.txt/,BOOTIO-ESSYN-S-02,298,0.011344,UDP,53:DNS+SOME,MANY,4,1,
1428521933,TrafficAnalysis_DEST-GET-S-02_2015-04-08_19%3A38%3A52.txt/,DEST-GET-S-02,297,0.23188,UDP,53:DNS+SOME,MANY,5,1,
1428522578,TrafficAnalysis_REST-GHPGET-S-02_2015-04-08_19%3A49%3A36.txt/,REST-GHPGET-S-02,297,0.129808,UDP,53:DNS+SOME,MANY,2,1,
1428523675,TrafficAnalysis_REST-GHPHEAD-S-02_2015-04-08_20%3A07%3A54.txt/,REST-GHPHEAD-S-02,297,0.018448,UDP,53:DNS+SOME,MANY,2,1,
1428524029,TrafficAnalysis_REST-GHPPOST-S-02_2015-04-08_20%3A13%3A48.txt/,REST-GHPPOST-S-02,297,0.018576,UDP,53:DNS+SOME,MANY,3,1,
1428524373,TrafficAnalysis_REST-RUDY-S-02_2015-04-08_20%3A19%3A32.txt/,REST-RUDY-S-02,297,0.03172,UDP,53:DNS+SOME,MANY,2,1,
1428524747,TrafficAnalysis_REST-SLOW-S-02_2015-04-08_20%3A25%3A46.txt/,REST-SLOW-S-02,298,6.001936,UDP,123:NTP+SOME,80:HTTP+MANY,4,1,
1428525095,TrafficAnalysis_REST-SRCPOST-S-02_2015-04-08_20%3A31%3A34.txt/,REST-SRCPOST-S-02,298,4.503696,UDP,123:NTP+SOME,80:HTTP+MANY,4,1,
1428525434,TrafficAnalysis_REST-SRCHEAD-S-02_2015-04-08_20%3A37%3A13.txt/,REST-SRCHEAD-S-02,297,0.007568,UDP,53:DNS+,MANY,1,1,
1428525812,TrafficAnalysis_REST-XML-S-02_2015-04-08_20%3A43%3A31.txt/,REST-XML-S-02,298,0.018448,UDP,53:DNS+SOME,MANY,2,1,
1428745323,TrafficAnalysis_prod-anon-001.txt/,prod-anon-001,20,10.934048,UDP,16705:unknown+MANY,16705:unknown+SOME,57,54,
1428745369,TrafficAnalysis_prod-anon-002.txt/,prod-anon-002,61,3.8672,UDP,16705:unknown+MANY,16705:unknown+SOME,64,63,
1428877721,TrafficAnalysis_QUANT-SSDP-S-01.txt/,QUANT-SSDP-S-01,268,328.82306,UDP,1900:SSDP+MANY,MANY,10024,1,
1428878086,TrafficAnalysis_QUANT-SSYN-S-01.txt/,QUANT-SSYN-S-01,240,12.597552,TCP,MANY,MANY,253747,1,ACK(127498)RST(3)SYN(5)
1428878475,TrafficAnalysis_QUANT-CHARGEN-S-01.txt/,QUANT-CHARGEN-S-01,240,235.02867,UDP,19:CharGen+MANY,MANY,518,1,
1428878847,TrafficAnalysis_QUANT-DOMINATE-S-01.txt/,QUANT-DOMINATE-S-01,219,15.351152,TCP,MANY,MANY,1292129,1,CWR(1292148)ECE(1292148)ACK(30)RST(109)SYN(1292149)
1428879206,TrafficAnalysis_QUANT-SSDP-S-02.txt/,QUANT-SSDP-S-02,291,208.37178,UDP,1900:SSDP+MANY,MANY,15329,1,
1428879592,TrafficAnalysis_QUANT-SSYN-S-02.txt/,QUANT-SSYN-S-02,253,9.6E-4,TCP,MANY,MANY,132531,1,ACK(66308)RST(6)SYN(3)
1428879939,TrafficAnalysis_QUANT-CHARGEN-S-02.txt/,QUANT-CHARGEN-S-02,213,330.25433,UDP,19:CharGen+MANY,MANY,520,1,
1428880308,TrafficAnalysis_QUANT-DOMINATE-S-02.txt/,QUANT-DOMINATE-S-02,273,8.799264,TCP,MANY,MANY,673361,1,CWR(673378)ECE(673378)ACK(26)RST(55)SYN(673381)
1429087294,TrafficAnalysis_QUANT_SSDP_10.txt/,QUANT,59,123.738396,UDP,1900:SSDP+MANY,MANY,6860,1,
1429869923,TrafficAnalysis_prod-anon-040.txt/,prod-anon-040,70,0.364648,TCP,MANY,MANY,224,2,ACK(216)PSH(104)RST(104)SYN(135)FIN(96)
1429875095,TrafficAnalysis_prod-anon-041.txt/,prod-anon-041,12,0.558064,TCP,MANY,MANY,8981,1,CWR(2)ECE(1)ACK(8884)PSH(16)RST(327)SYN(8474)FIN(6)
1429876190,TrafficAnalysis_prod-anon-042.txt/,prod-anon-042,20,4.16E-4,TCP,MANY,MANY,8852,1,ACK(8789)PSH(38)RST(1003)SYN(7458)FIN(9)
1429877433,TrafficAnalysis_prod-anon-043.txt/,prod-anon-043,30,0.529784,TCP,MANY,MANY,1449,2,CWR(2)ECE(2)ACK(1344)PSH(76)RST(1329)SYN(115)FIN(76)
1441872161,TrafficAnalysis_prod-anon-015.txt/,prod-anon-015,14,0.907712,TCP,MANY,SOME,356,1,ACK(342)PSH(302)RST(288)SYN(312)FIN(299)
1441879865,TrafficAnalysis_prod-anon-016.txt/,prod-anon-016,12,1.4074,TCP,MANY,SOME,335,1,ACK(324)PSH(298)RST(182)SYN(257)FIN(299)
1442159945,TrafficAnalysis_prod-anon-029.txt/,prod-anon-029,22,11.046056,UDP,MANY,80:HTTP+MANY,17,18,
1444237630,TrafficAnalysis_prod-anon-003.txt/,prod-anon-003,21,12.813768,TCP,SOME,MANY,10,1,ACK(10)PSH(6)
1444240545,TrafficAnalysis_prod-anon-004.txt/,prod-anon-004,18,14.67984,TCP,SOME,MANY,9,1,ACK(9)PSH(4)
1445005518,TrafficAnalysis_prod-anon-014.txt/,prod-anon-014,58,0.15968,TCP,MANY,SOME,1055,1,SYN(1055)
1445468940,TrafficAnalysis_prod-anon-005.txt/,prod-anon-005,14,2.4276,TCP,SOME,MANY,4,1,ACK(4)PSH(3)SYN(4)FIN(3)
1445679469,TrafficAnalysis_prod-anon-044.txt/,prod-anon-044,15,10.663176,TCP,MANY,SOME,1,1,ACK(1)PSH(1)RST(1)SYN(1)FIN(1)
1446768046,TrafficAnalysis_prod-anon-008.txt/,prod-anon-008,37,5.046288,UDP,161:SNMP+MANY,80:HTTP+MANY,965,945,
1446847062,TrafficAnalysis_prod-anon-009.txt/,prod-anon-009,21,9.92E-4,UDP,161:SNMP+MANY,80:HTTP+MANY,1044,1022,
1447145154,TrafficAnalysis_prod-anon-052.txt/,prod-anon-052,19,11.380648,TCP,SOME,MANY,96,1,ACK(94)PSH(72)RST(11)SYN(31)FIN(22)
1447170747,TrafficAnalysis_prod-anon-053.txt/,prod-anon-053,14,15.42,TCP,SOME,SOME,1,1,ACK(1)PSH(1)
1447170849,TrafficAnalysis_prod-anon-054.txt/,prod-anon-054,15,12.816,TCP,SOME,SOME,1,1,ACK(1)PSH(1)
