File Name,Folder,Start(CET),Duration[s],Peak[Mb/s],Protocol,Src Port(s),Dst Port(s),Src IPs,IPs Fragmented,Flags
ANON-GHPGET-S-01,TrafficAnalysis_ANON-GHPGET-S-01_2014-12-29_08_56_27.txt/,1419843388,297,0.007632,UDP,53:DNS+,MANY,1,0,
ANON-GHPGET-S-02,TrafficAnalysis_ANON-GHPGET-S-02_2014-12-29_10_45_10.txt/,1419849911,298,3.472656,UDP,123:NTP+SOME,80:HTTP+MANY,2,0,
ANON-GHPHEAD-S-01,TrafficAnalysis_ANON-GHPHEAD-S-01_2014-12-29_09_20_00.txt/,1419844801,297,0.032424,UDP,53:DNS+SOME,MANY,2,0,
ANON-GHPHEAD-S-02,TrafficAnalysis_ANON-GHPHEAD-S-02_2014-12-29_10_57_26.txt/,1419850647,298,0.008256,UDP,53:DNS+,MANY,2,0,
ANON-GHPPOST-S-01,TrafficAnalysis_ANON-GHPPOST-S-01_2014-12-29_10_01_26.txt/,1419847287,297,0.010672,UDP,53:DNS+SOME,MANY,3,0,
ANON-GHPPOST-S-02,TrafficAnalysis_ANON-GHPPOST-S-02_2014-12-29_11_28_49.txt/,1419852530,298,0.012416,UDP,53:DNS+SOME,MANY,3,0,
ANON-NTP-S-01,TrafficAnalysis_ANON-NTP-S-01_2014-12-22_15_23_41.txt/,1419261822,298,0.008336,UDP,53:DNS+,MANY,1,0,
ANON-NTP-S-02,TrafficAnalysis_ANON-NTP-S-02_2014-12-23_23_01_20.txt/,1419375681,297,636.5405,UDP,123:NTP+MANY,80:HTTP+MANY,1643,0,
ANON-SLOW-S-01,TrafficAnalysis_ANON-SLOW-S-01_2014-12-29_09_27_17.txt/,1419845238,298,0.032512,UDP,53:DNS+,MANY,1,0,
ANON-SLOW-S-02,TrafficAnalysis_ANON-SLOW-S-02_2014-12-29_11_11_43.txt/,1419851504,298,0.008336,UDP,53:DNS+,MANY,2,0,
ANON-SRCGET-S-01,TrafficAnalysis_ANON-SRCGET-S-01_2014-12-29_09_46_11.txt/,1419846372,297,0.007568,UDP,53:DNS+,MANY,1,0,
ANON-SRCGET-S-02,TrafficAnalysis_ANON-SRCGET-S-02_2015-04-06_09%3A53%3A00.txt/,1428313980,298,0.020784,UDP,53:DNS+,MANY,1,0,
ANON-SRCHEAD-S-01,TrafficAnalysis_ANON-SRCHEAD-S-01_2014-12-29_10_17_19.txt/,1419848240,297,0.007568,UDP,53:DNS+,MANY,1,0,
ANON-SRCHEAD-S-02,TrafficAnalysis_ANON-SRCHEAD-S-02_2015-04-06_19%3A42%3A59.txt/,1428349380,298,0.020784,UDP,53:DNS+,MANY,1,0,
ANON-SRCPOST-S-01,TrafficAnalysis_ANON-SRCPOST-S-01_2014-12-29_10_31_36.txt/,1419849097,297,0.012416,UDP,53:DNS+SOME,MANY,3,0,
ANON-SRCPOST-S-02,TrafficAnalysis_ANON-SRCPOST-S-02_2015-04-06_10%3A00%3A07.txt/,1428314407,298,0.021488,UDP,53:DNS+,MANY,1,0,
ANON-SSDP-S-01,TrafficAnalysis_ANON-SSDP-S-01_2015-04-07_19_00_22.txt/,1428433223,297,0.037384,UDP,53:DNS+,MANY,1,0,
ANON-SSDP-S-02,TrafficAnalysis_ANON-SSDP-S-02_2015-04-07_19_55_18.txt/,1428436519,298,230.4584,UDP,1900:SSDP+MANY,80:HTTP+MANY,56347,0,
ANON-SSYN-S-01,TrafficAnalysis_ANON-SSYN-S-01_2014-12-20_20_04_11.txt/,1419105865,261,48.146793,TCP,MANY,80:HTTP+SOME,1855573,0,CWR(10)ECE(9)ACK(9616)PSH(1)RST(86678)SYN(1855501)FIN(59)
ANON-SSYN-S-02,TrafficAnalysis_ANON-SSYN-S-02_2014-12-20_19_41_22.txt/,1419104545,235,45.3386,TCP,MANY,80:HTTP+SOME,1793249,0,CWR(7)ECE(12)ACK(6709)PSH(2)RST(60217)SYN(1793208)FIN(45)
ANON-UDP-S-01,TrafficAnalysis_ANON-UDP-S-01_2014-12-20_19_55_07.txt/,1419105308,297,580.63226,UDP,53:DNS+SOME,MANY,1250,0,
ANON-UDP-S-02,TrafficAnalysis_ANON-UDP-S-02_2014-12-21_20_12_55.txt/,1419192776,297,0.008608,UDP,53:DNS+,MANY,3,0,
ANON-UDPLAG-S-01,TrafficAnalysis_ANON-UDPLAG-S-01_2014-12-20_19_48_21.txt/,1419104902,298,354.29944,UDP,53:DNS+MANY,MANY,88,0,
ANON-UDPLAG-S-02,TrafficAnalysis_ANON-UDPLAG-S-02_2014-12-21_20_18_30.txt/,1419193111,298,0.010968,UDP,53:DNS+SOME,MANY,4,0,
ANON-XML-S-01,TrafficAnalysis_ANON-XML-S-01_2014-12-29_09_12_44.txt/,1419844371,255,6.525344,TCP,MANY,80:HTTP+SOME,1913,0,CWR(6)ECE(6)ACK(1915)PSH(1915)RST(13)SYN(1922)FIN(1908)
ANON-XML-S-02,TrafficAnalysis_ANON-XML-S-02_2015-04-06_20%3A01%3A24.txt/,1428350488,229,5.915456,TCP,MANY,80:HTTP+SOME,1791,0,CWR(7)ECE(7)ACK(1792)PSH(1792)RST(12)SYN(1799)FIN(1787)
BOOTIO-CHARGEN-S-01,TrafficAnalysis_BOOTIO-CHARGEN-S-01_2015-03-26_15%3A12%3A29.txt/,1427382750,298,1128.2563,UDP,19:CharGen+SOME,2015:unknown+MANY,291,0,
BOOTIO-CHARGEN-S-02,TrafficAnalysis_BOOTIO-CHARGEN-S-02_2015-03-26_15%3A21%3A36.txt/,1427383297,299,1156.3275,UDP,19:CharGen+SOME,2015:unknown+MANY,293,0,
BOOTIO-ESSYN-S-01,TrafficAnalysis_BOOTIO-ESSYN-S-01_2015-04-07_18_10_28.txt/,1428430228,298,0.031176,UDP,53:DNS+MANY,MANY,5,0,
BOOTIO-ESSYN-S-02,TrafficAnalysis_BOOTIO-ESSYN-S-02_2015-04-07_21_41_59.txt/,1428442920,298,0.011344,UDP,53:DNS+SOME,MANY,4,0,
BOOTIO-NTP-S-01,TrafficAnalysis_BOOTIO-NTP-S-01_2015-03-26_15%3A53%3A57.txt/,1427385238,298,355.3913,UDP,123:NTP+MANY,80:HTTP+MANY,541,0,
BOOTIO-NTP-S-02,TrafficAnalysis_BOOTIO-NTP-S-02_2015-03-26_16%3A16%3A58.txt/,1427386620,297,540.84937,UDP,123:NTP+SOME,80:HTTP+MANY,415,0,
BOOTIO-SSDP-S-01,TrafficAnalysis_BOOTIO-SSDP-S-01_2015-03-26_15%3A28%3A32.txt/,1427383713,298,543.72235,UDP,1900:SSDP+MANY,80:HTTP+MANY,16321,0,
BOOTIO-SSDP-S-02,TrafficAnalysis_BOOTIO-SSDP-S-02_2015-03-26_15%3A34%3A40.txt/,1427384081,298,496.51993,UDP,1900:SSDP+MANY,80:HTTP+MANY,16287,0,
BOOTIO-SSYN-S-01,TrafficAnalysis_BOOTIO-SSYN-S-01_2015-03-26_16%3A53%3A47.txt/,1427388830,263,29.723791,TCP,MANY,80:HTTP+MANY,557090,0,CWR(5)ECE(4)ACK(2160)PSH(1)RST(20880)SYN(557109)FIN(2)
BOOTIO-SSYN-S-02,TrafficAnalysis_BOOTIO-SSYN-S-02_2015-03-26_16%3A59%3A53.txt/,1427389197,293,41.642952,TCP,MANY,80:HTTP+MANY,1574289,0,CWR(8)ECE(12)ACK(8110)PSH(2)RST(75038)SYN(1574228)FIN(49)
BOOTIO-UDPLAG-S-01,TrafficAnalysis_BOOTIO-UDPLAG-S-01_2015-03-26_16%3A41%3A31.txt/,1427388092,297,1.864872,UDP,19:CharGen+53:DNS+MANY,54:XNS+MANY,8,0,
BOOTIO-UDPLAG-S-02,TrafficAnalysis_BOOTIO-UDPLAG-S-02_2015-03-26_16%3A47%3A15.txt/,1427388436,298,2.071744,UDP,19:CharGen+53:DNS+,54:XNS+MANY,4,0,
CONS-CHARGEN-S-01,TrafficAnalysis_CONS-CHARGEN-S-01_2014-12-22_23_20_51.txt/,1419290452,298,283.14215,UDP,19:CharGen+MANY,MANY,612,0,
CONS-CHARGEN-S-02,TrafficAnalysis_CONS-CHARGEN-S-02_2014-12-23_23_15_28.txt/,1419376529,298,522.2594,UDP,19:CharGen+MANY,MANY,1090,0,
CONS-NTP-S-01,TrafficAnalysis_CONS-NTP-S-01_2014-12-22_15_45_02.txt/,1419263103,298,420.65024,UDP,123:NTP+SOME,MANY,1197,0,
CONS-NTP-S-02,TrafficAnalysis_CONS-NTP-S-02_2014-12-23_23_28_08.txt/,1419377289,299,547.93896,UDP,123:NTP+SOME,MANY,991,0,
CONS-SSDP-S-01,TrafficAnalysis_CONS-SSDP-S-01_2014-12-22_15_51_36.txt/,1419263497,298,316.24255,UDP,1900:SSDP+MANY,MANY,35243,0,
CONS-SSDP-S-02,TrafficAnalysis_CONS-SSDP-S-02_2014-12-25_14_06_31.txt/,1419516392,298,349.74484,UDP,1900:SSDP+MANY,MANY,60241,0,
CONS-SSYN-S-01,TrafficAnalysis_CONS-SSYN-S-01_2014-12-20_20_17_05.txt/,1419106638,285,42.907646,TCP,80:HTTP+MANY,80:HTTP+SOME,749778,0,CWR(5)ECE(5)ACK(3474)RST(26430)SYN(749757)FIN(15)
CONS-SSYN-S-02,TrafficAnalysis_CONS-SSYN-S-02_2014-12-22_15_29_38.txt/,1419262184,287,43.84144,TCP,80:HTTP+MANY,80:HTTP+SOME,741641,0,CWR(4)ECE(2)ACK(3195)RST(24726)SYN(741642)FIN(15)
CONS-UDP-S-01,TrafficAnalysis_CONS-UDP-S-01_2014-12-20_20_11_05.txt/,1419106266,299,97.17243,UDP,53:DNS+MANY,MANY,74,0,
CONS-UDP-S-02,TrafficAnalysis_CONS-UDP-S-02_2014-12-25_14_35_53.txt/,1419518153,300,165.10545,UDP,53:DNS+MANY,MANY,77,0,
CONS-UDPLAG-S-01,TrafficAnalysis_CONS-UDPLAG-S-01_2014-12-20_20_23_34.txt/,1419107015,297,11.797344,UDP,53:DNS+MANY,MANY,17,15,
CONS-UDPLAG-S-02,TrafficAnalysis_CONS-UDPLAG-S-02_2014-12-25_14_55_13.txt/,1419519314,299,16.084768,UDP,53:DNS+MANY,MANY,22,17,
DEST-CHARGEN-S-01,TrafficAnalysis_DEST-CHARGEN-S-01_2014-12-26_17_48_03.txt/,1419616084,297,0.010672,UDP,53:DNS+SOME,MANY,2,0,
DEST-CHARGEN-S-02,TrafficAnalysis_DEST-CHARGEN-S-02_2014-12-29_10_10_30.txt/,1419847831,297,7.04E-4,UDP,53:DNS+SOME,MANY,2,0,
DEST-DNS-S-01,TrafficAnalysis_DEST-DNS-S-01_2014-12-26_18_05_01.txt/,1419617102,297,0.008176,UDP,53:DNS+,MANY,2,0,
DEST-DNS-S-02,TrafficAnalysis_DEST-DNS-S-02_2014-12-29_10_24_15.txt/,1419848656,297,0.014176,UDP,53:DNS+SOME,MANY,2,0,
DEST-ESSYN-S-01,TrafficAnalysis_DEST-ESSYN-S-01_2014-12-25_12_44_37.txt/,1419511478,297,8.32E-4,UDP,53:DNS+,MANY,1,0,
DEST-ESSYN-S-02,TrafficAnalysis_DEST-ESSYN-S-02_2014-12-29_15_05_10.txt/,1419865510,299,2.917856,UDP,1900:SSDP+MANY,80:HTTP+MANY,514,0,
DEST-GET-S-01,TrafficAnalysis_DEST-GET-S-01_2015-01-02_19_43_15.txt/,1420227795,299,0.048312,UDP,MANY,53:DNS+SOME,1,0,
DEST-GET-S-02,TrafficAnalysis_DEST-GET-S-02_2015-04-08_19%3A38%3A52.txt/,1428521933,297,0.23188,UDP,53:DNS+SOME,MANY,5,0,
DEST-NTP-S-01,TrafficAnalysis_DEST-NTP-S-01_2014-12-26_18_18_55.txt/,1419617936,298,0.0084,UDP,53:DNS+,MANY,1,0,
DEST-NTP-S-02,TrafficAnalysis_DEST-NTP-S-02_2014-12-29_10_38_51.txt/,1419849532,298,379.3134,UDP,123:NTP+MANY,80:HTTP+MANY,1348,0,
DEST-NUDP-S-01,TrafficAnalysis_DEST-NUDP-S-01_2014-12-26_18_52_34.txt/,1419619955,297,0.008288,UDP,53:DNS+,MANY,2,0,
DEST-NUDP-S-02,TrafficAnalysis_DEST-NUDP-S-02_2014-12-29_10_51_25.txt/,1419850286,297,0.007728,UDP,53:DNS+,MANY,1,0,
DEST-SSDP-S-01,TrafficAnalysis_DEST-SSDP-S-01_2014-12-29_09_06_23.txt/,1419843984,295,0.008336,UDP,53:DNS+,MANY,1,0,
DEST-SSDP-S-02,TrafficAnalysis_DEST-SSDP-S-02_2014-12-29_11_04_10.txt/,1419851051,298,0.012416,UDP,53:DNS+SOME,MANY,4,0,
DEST-SSYN-S-01,TrafficAnalysis_DEST-SSYN-S-01_2014-12-25_12_57_55.txt/,1419512276,297,0.008536,UDP,53:DNS+,MANY,1,0,
DEST-SSYN-S-02,TrafficAnalysis_DEST-SSYN-S-02_2014-12-29_15_20_57.txt/,1419866458,298,0.74044,UDP,1900:SSDP+MANY,80:HTTP+MANY,64,0,
DEST-SUDP-S-01,TrafficAnalysis_DEST-SUDP-S-01_2014-12-29_09_39_49.txt/,1419845990,297,0.012416,UDP,53:DNS+SOME,MANY,2,0,
DEST-SUDP-S-02,TrafficAnalysis_DEST-SUDP-S-02_2014-12-29_11_22_32.txt/,1419852153,297,0.008336,UDP,53:DNS+,MANY,2,0,
DEST-UDP-S-01,TrafficAnalysis_DEST-UDP-S-01_2014-12-29_09_53_22.txt/,1419846803,297,0.007568,UDP,53:DNS+,MANY,1,0,
DEST-UDP-S-02,TrafficAnalysis_DEST-UDP-S-02_2014-12-29_11_36_55.txt/,1419853016,297,0.032688,UDP,53:DNS+,MANY,1,0,
DEST-XSYN-S-01,TrafficAnalysis_DEST-XSYN-S-01_2014-12-25_13_12_47.txt/,1419513168,297,0.00792,UDP,53:DNS+SOME,MANY,2,0,
DEST-XSYN-S-02,TrafficAnalysis_DEST-XSYN-S-02_2014-12-29_15_37_08.txt/,1419867429,298,6.4E-4,UDP,53:DNS+1900:SSDP+MANY,80:HTTP+MANY,22,0,
HORNY-CHARGEN-S-01,TrafficAnalysis_HORNY-CHARGEN-S-01_2015-04-07_17_44_59.txt/,1428428700,298,700.06116,UDP,19:CharGen+MANY,8080:unknown+MANY,1208,0,
HORNY-CHARGEN-S-02,TrafficAnalysis_HORNY-CHARGEN-S-02_2015-04-07_20_42_47.txt/,1428439368,298,1000.25073,UDP,19:CharGen+MANY,8080:unknown+MANY,1224,0,
HORNY-DNS-S-01,TrafficAnalysis_HORNY-DNS-S-01_2015-04-07_17_32_59.txt/,1428427980,298,0.008808,UDP,53:DNS+,MANY,1,0,
HORNY-DNS-S-02,TrafficAnalysis_HORNY-DNS-S-02_2015-04-07_20_31_25.txt/,1428438686,298,709.95953,UDP,53:DNS+MANY,MANY,116072,0,
HORNY-ESSYN-S-01,TrafficAnalysis_HORNY-ESSYN-S-01_2015-04-07_18_16_10.txt/,1428430573,231,24.623568,TCP,MANY,80:HTTP+SOME,582269,0,CWR(2)ECE(2)ACK(1721)RST(16847)SYN(582290)FIN(2)
HORNY-ESSYN-S-02,TrafficAnalysis_HORNY-ESSYN-S-02_2015-04-07_21_06_06.txt/,1428440768,284,33.056335,TCP,MANY,80:HTTP+SOME,588069,0,CWR(2)ACK(1719)RST(16780)SYN(588082)FIN(2)
HORNY-GET-S-01,TrafficAnalysis_HORNY-GET-S-01_2015-04-07_18_39_33.txt/,1428431993,279,4.602816,TCP,MANY,80:HTTP+MANY,729,0,CWR(3)ECE(3)ACK(219)PSH(211)RST(423)SYN(735)FIN(195)
HORNY-GET-S-02,TrafficAnalysis_HORNY-GET-S-02_2015-04-07_20_02_52.txt/,1428436987,285,3.98288,TCP,MANY,80:HTTP+MANY,651,0,CWR(2)ECE(2)ACK(170)PSH(166)RST(361)SYN(661)FIN(152)
HORNY-MSSQL-S-01,TrafficAnalysis_HORNY-MSSQL-S-01_2015-04-07_17_56_12.txt/,1428429373,297,253.33661,UDP,1434:unknown+MANY,1434:unknown+MANY,1102,0,
HORNY-MSSQL-S-02,TrafficAnalysis_HORNY-MSSQL-S-02_2015-04-07_20_54_26.txt/,1428440067,298,281.51727,UDP,1434:unknown+MANY,1434:unknown+MANY,1107,0,
HORNY-NTP-S-01,TrafficAnalysis_HORNY-NTP-S-01_2015-04-07_17_21_38.txt/,1428427299,298,464.71323,UDP,123:NTP+MANY,80:HTTP+MANY,4189,0,
HORNY-NTP-S-02,TrafficAnalysis_HORNY-NTP-S-02_2015-04-07_20_20_04.txt/,1428438005,298,0.18612,UDP,53:DNS+SOME,MANY,3,0,
HORNY-SSDP-S-01,TrafficAnalysis_HORNY-SSDP-S-01_2015-04-07_17_09_52.txt/,1428426592,299,126.841415,UDP,1900:SSDP+MANY,80:HTTP+MANY,41011,0,
HORNY-SSDP-S-02,TrafficAnalysis_HORNY-SSDP-S-02_2015-04-07_20_08_38.txt/,1428437319,299,195.76079,UDP,1900:SSDP+MANY,80:HTTP+MANY,71303,0,
HORNY-SYNACK-S-01,TrafficAnalysis_HORNY-SYNACK-S-01_2015-04-07_18_27_15.txt/,1428431237,281,30.683376,TCP,MANY,80:HTTP+SOME,597012,0,CWR(2)ACK(1811)RST(17414)SYN(597016)FIN(2)
HORNY-SYNACK-S-02,TrafficAnalysis_HORNY-SYNACK-S-02_2015-04-07_21_17_56.txt/,1428441478,279,47.188503,TCP,MANY,80:HTTP+SOME,1653958,0,CWR(7)ECE(5)ACK(4022)PSH(1)RST(38182)SYN(1653943)FIN(25)
HORNY-TCPFIN-S-01,TrafficAnalysis_HORNY-TCPFIN-S-01_2015-04-07_18_45_52.txt/,1428432353,298,6.4E-4,UDP,123:NTP+SOME,80:HTTP+MANY,3,0,
HORNY-TCPFIN-S-02,TrafficAnalysis_HORNY-TCPFIN-S-02_2015-04-07_21_29_07.txt/,1428442149,259,33.75541,TCP,MANY,80:HTTP+SOME,2899784,0,ACK(5)RST(13)SYN(5)
HORNY-TCPFUCK-S-01,TrafficAnalysis_HORNY-TCPFUCK-S-01_2015-04-07_17_27_30.txt/,1428427651,298,17.387247,UDP,123:NTP+SOME,80:HTTP+MANY,13,0,
HORNY-TCPFUCK-S-02,TrafficAnalysis_HORNY-TCPFUCK-S-02_2015-04-07_20_25_48.txt/,1428438349,298,0.008336,UDP,53:DNS+,MANY,1,0,
HORNY-TCPPSH-S-01,TrafficAnalysis_HORNY-TCPPSH-S-01_2015-04-07_18_51_59.txt/,1428432721,203,40.994766,TCP,MANY,80:HTTP+SOME,3154585,0,PSH(3154621)SYN(3)
HORNY-TCPPSH-S-02,TrafficAnalysis_HORNY-TCPPSH-S-02_2015-04-07_21_34_57.txt/,1428442499,268,42.369488,TCP,MANY,80:HTTP+SOME,3857887,0,PSH(3857918)RST(1)SYN(3)
HORNY-TCPPTR-S-01,TrafficAnalysis_HORNY-TCPPTR-S-01_2015-04-07_18_02_23.txt/,1428429744,299,6.4E-4,UDP,123:NTP+SOME,80:HTTP+MANY,2,0,
HORNY-TCPPTR-S-02,TrafficAnalysis_HORNY-TCPPTR-S-02_2015-04-07_21_00_12.txt/,1428440413,297,0.012416,UDP,53:DNS+MANY,MANY,7,0,
HORNY-TCPRES2-S-01,TrafficAnalysis_HORNY-TCPRES2-S-01_2015-04-07_17_50_35.txt/,1428429036,297,0.012416,UDP,53:DNS+SOME,MANY,3,0,
HORNY-TCPRES2-S-02,TrafficAnalysis_HORNY-TCPRES2-S-02_2015-04-07_20_48_45.txt/,1428439726,298,0.011344,UDP,53:DNS+SOME,MANY,5,0,
HORNY-TCPRND-S-01,TrafficAnalysis_HORNY-TCPRND-S-01_2015-04-07_17_15_24.txt/,1428426924,298,0.694552,UDP,1900:SSDP+53:DNS+,80:HTTP+MANY,39,0,
HORNY-TCPRND-S-02,TrafficAnalysis_HORNY-TCPRND-S-02_2015-04-07_20_14_13.txt/,1428437654,298,0.27568,UDP,53:DNS+1900:SSDP+,80:HTTP+MANY,27,0,
HORNY-TCPRST-S-01,TrafficAnalysis_HORNY-TCPRST-S-01_2015-04-07_18_32_45.txt/,1428431567,281,21.207888,TCP,MANY,80:HTTP+MANY,613617,0,RST(613649)SYN(4)
HORNY-TCPRST-S-02,TrafficAnalysis_HORNY-TCPRST-S-02_2015-04-07_21_23_35.txt/,1428441816,298,0.011344,UDP,53:DNS+MANY,MANY,10,0,
HORNY-TCPSEQ-S-01,TrafficAnalysis_HORNY-TCPSEQ-S-01_2015-04-07_17_39_13.txt/,1428428354,298,7.004912,UDP,123:NTP+SOME,80:HTTP+MANY,3,0,
HORNY-TCPSEQ-S-02,TrafficAnalysis_HORNY-TCPSEQ-S-02_2015-04-07_20_37_07.txt/,1428439028,298,0.079872,UDP,53:DNS+SOME,MANY,11,0,
HORNY-TCPURG-S-01,TrafficAnalysis_HORNY-TCPURG-S-01_2015-04-07_18_21_48.txt/,1428430909,297,3.2E-4,UDP,53:DNS+,MANY,1,0,
HORNY-TCPURG-S-02,TrafficAnalysis_HORNY-TCPURG-S-02_2015-04-07_21_12_07.txt/,1428441129,298,0.104896,UDP,53:DNS+SOME,MANY,5,0,
IPSTR-ARME-S-01,TrafficAnalysis_IPSTR-ARME-S-01_2014-12-29_12_06_46.txt/,1419854811,164,30.855087,TCP,80:HTTP+SOME,80:HTTP+SOME,7,0,SYN(7)
IPSTR-ARME-S-02,TrafficAnalysis_IPSTR-ARME-S-02_2014-12-29_12_32_33.txt/,1419856358,294,30.74152,TCP,80:HTTP+SOME,80:HTTP+SOME,5,0,SYN(5)
IPSTR-CHARGEN-S-01,TrafficAnalysis_IPSTR-CHARGEN-S-01_2014-12-22_16_03_53.txt/,1419264234,297,576.3067,UDP,19:CharGen+MANY,MANY,1552,0,
IPSTR-CHARGEN-S-02,TrafficAnalysis_IPSTR-CHARGEN-S-02_2014-12-25_15_12_47.txt/,1419520368,298,772.1142,UDP,19:CharGen+MANY,MANY,1473,0,
IPSTR-DNS-S-01,TrafficAnalysis_IPSTR-DNS-S-01_2014-12-22_15_38_41.txt/,1419262722,298,118.047455,UDP,53:DNS+SOME,80:HTTP+MANY,83,0,
IPSTR-DNS-S-02,TrafficAnalysis_IPSTR-DNS-S-02_2014-12-25_15_31_46.txt/,1419521506,300,209.26083,UDP,53:DNS+MANY,MANY,90,0,
IPSTR-NTP-S-01,TrafficAnalysis_IPSTR-NTP-S-01_2014-12-22_23_12_09.txt/,1419289930,298,522.0291,UDP,123:NTP+SOME,MANY,1219,0,
IPSTR-NTP-S-02,TrafficAnalysis_IPSTR-NTP-S-02_2014-12-25_15_54_53.txt/,1419522894,298,602.0249,UDP,123:NTP+SOME,MANY,1224,0,
IPSTR-RUDY-S-01,TrafficAnalysis_IPSTR-RUDY-S-01_2014-12-29_12_17_25.txt/,1419855500,163,31.065712,TCP,80:HTTP+SOME,80:HTTP+SOME,5,0,SYN(5)
IPSTR-RUDY-S-02,TrafficAnalysis_IPSTR-RUDY-S-02_2014-12-29_12_39_02.txt/,1419856748,256,30.787024,TCP,80:HTTP+SOME,80:HTTP+SOME,3,0,SYN(3)
IPSTR-SLOW-S-01,TrafficAnalysis_IPSTR-SLOW-S-01_2014-12-29_12_23_45.txt/,1419855840,104,30.897425,TCP,80:HTTP+SOME,80:HTTP+SOME,3,0,SYN(3)
IPSTR-SLOW-S-02,TrafficAnalysis_IPSTR-SLOW-S-02_2014-12-29_12_46_35.txt/,1419857200,258,30.90232,TCP,80:HTTP+MANY,80:HTTP+MANY,13,0,RST(1)SYN(13)
IPSTR-SNMP-S-01,TrafficAnalysis_IPSTR-SNMP-S-01_2014-12-22_22_41_37.txt/,1419288098,299,314.3516,UDP,161:SNMP+MANY,MANY,1265,0,
IPSTR-SNMP-S-02,TrafficAnalysis_IPSTR-SNMP-S-02_2014-12-25_17_38_27.txt/,1419529108,298,524.15643,UDP,161:SNMP+MANY,MANY,1237,0,
IPSTR-SSDP-S-01,TrafficAnalysis_IPSTR-SSDP-S-01_2014-12-22_22_17_42.txt/,1419286663,298,342.65152,UDP,1900:SSDP+MANY,MANY,45449,0,
IPSTR-SSDP-S-02,TrafficAnalysis_IPSTR-SSDP-S-02_2014-12-25_17_54_13.txt/,1419530054,298,299.0202,UDP,1900:SSDP+MANY,MANY,46943,0,
IPSTR-SYN-S-01,TrafficAnalysis_IPSTR-SYN-S-01_2014-12-21_19_38_21.txt/,1419190717,35,61.828114,TCP,80:HTTP+SOME,80:HTTP+SOME,25,0,SYN(27)
IPSTR-SYN-S-02,TrafficAnalysis_IPSTR-SYN-S-02_2014-12-21_20_25_15.txt/,1419193522,220,68.8853,TCP,80:HTTP+SOME,80:HTTP+SOME,25,0,RST(3)SYN(24)
IPSTR-UDP-S-01,TrafficAnalysis_IPSTR-UDP-S-01_2014-12-21_19_52_26.txt/,1419191547,298,373.3896,UDP,1900:SSDP+MANY,80:HTTP+MANY,57226,0,
IPSTR-UDP-S-02,TrafficAnalysis_IPSTR-UDP-S-02_2014-12-21_20_30_49.txt/,1419193850,298,429.1959,UDP,1900:SSDP+MANY,80:HTTP+MANY,63632,0,
IPSTR-UDPLAG-S-01,TrafficAnalysis_IPSTR-UDPLAG-S-01_2014-12-21_19_59_32.txt/,1419191973,298,21.904655,UDP,80:HTTP+SOME,80:HTTP+MANY,28,0,
IPSTR-UDPLAG-S-02,TrafficAnalysis_IPSTR-UDPLAG-S-02_2014-12-21_20_46_09.txt/,1419194770,298,21.221647,UDP,80:HTTP+SOME,80:HTTP+MANY,23,0,
KRYPT-CHARGEN-S-01,TrafficAnalysis_KRYPT-CHARGEN-S-01_2014-12-22_16_18_09.txt/,1419265089,299,390.2358,UDP,19:CharGen+MANY,51096:unknown+MANY,274,0,
KRYPT-CHARGEN-S-02,TrafficAnalysis_KRYPT-CHARGEN-S-02_2014-12-25_15_40_16.txt/,1419522016,299,688.8099,UDP,19:CharGen+MANY,63977:unknown+MANY,450,0,
KRYPT-DNS-S-01,TrafficAnalysis_KRYPT-DNS-S-01_2014-12-20_20_44_56.txt/,1419108297,297,451.29382,UDP,19:CharGen+MANY,13290:unknown+MANY,263,0,
KRYPT-DNS-S-02,TrafficAnalysis_KRYPT-DNS-S-02_2014-12-21_21_12_12.txt/,1419196333,298,445.87625,UDP,19:CharGen+SOME,36569:unknown+MANY,266,0,
KRYPT-ESSYN-S-01,TrafficAnalysis_KRYPT-ESSYN-S-01_2014-12-22_16_23_50.txt/,1419265437,271,31.498304,TCP,MANY,80:HTTP+,1174759,0,CWR(6)ECE(5)ACK(6702)PSH(1)RST(61129)SYN(1174712)FIN(41)
KRYPT-ESSYN-S-02,TrafficAnalysis_KRYPT-ESSYN-S-02_2014-12-23_23_08_06.txt/,1419376098,273,19.52212,TCP,MANY,80:HTTP+SOME,426244,0,CWR(3)ECE(4)ACK(2466)PSH(3)RST(21599)SYN(426261)FIN(15)
KRYPT-NTP-S-01,TrafficAnalysis_KRYPT-NTP-S-01_2015-01-05_22_52_27.txt/,1420498348,298,531.6935,UDP,123:NTP+MANY,80:HTTP+MANY,3133,0,
KRYPT-NTP-S-02,TrafficAnalysis_KRYPT-NTP-S-02_2015-01-06_23_58_00.txt/,1420588681,299,489.90305,UDP,123:NTP+MANY,80:HTTP+MANY,3012,0,
KRYPT-SSDP-S-01,TrafficAnalysis_KRYPT-SSDP-S-01_2014-12-22_16_30_06.txt/,1419265807,298,316.9679,UDP,19:CharGen+MANY,38927:unknown+MANY,277,0,
KRYPT-SSDP-S-02,TrafficAnalysis_KRYPT-SSDP-S-02_2014-12-25_17_14_44.txt/,1419527685,298,748.2527,UDP,19:CharGen+MANY,16372:unknown+MANY,445,0,
KRYPT-SSYN-S-01,TrafficAnalysis_KRYPT-SSYN-S-01_2014-12-20_20_51_41.txt/,1419108710,285,33.407585,TCP,MANY,80:HTTP+SOME,1324346,0,CWR(7)ECE(15)ACK(7418)RST(66414)SYN(1324283)FIN(41)
KRYPT-SSYN-S-02,TrafficAnalysis_KRYPT-SSYN-S-02_2014-12-21_21_04_11.txt/,1419195860,280,44.19984,TCP,MANY,80:HTTP+MANY,1259251,0,CWR(13)ECE(8)ACK(8661)PSH(2)RST(77935)SYN(1259166)FIN(56)
KRYPT-UDPLAG-S-01,TrafficAnalysis_KRYPT-UDPLAG-S-01_2015-01-07_00_22_09.txt/,1420590130,299,20.6908,UDP,19:CharGen+MANY,46875:unknown+MANY,389,0,
KRYPT-UDPLAG-S-02,TrafficAnalysis_KRYPT-UDPLAG-S-02_2015-01-07_00_07_03.txt/,1420589224,298,19.935272,UDP,19:CharGen+SOME,39518:unknown+MANY,389,0,
KRYPT-XSYN-S-01,TrafficAnalysis_KRYPT-XSYN-S-01_2015-01-05_22_45_51.txt/,1420497956,293,40.60909,TCP,MANY,80:HTTP+SOME,1244880,0,CWR(6)ECE(8)ACK(6923)PSH(1)RST(62557)SYN(1244828)FIN(41)
KRYPT-XSYN-S-02,TrafficAnalysis_KRYPT-XSYN-S-02_2015-01-06_23_51_17.txt/,1420588279,293,37.690327,TCP,MANY,80:HTTP+MANY,1467408,0,CWR(11)ECE(10)ACK(8343)RST(74136)SYN(1467308)FIN(46)
LEGION-ARME-S-01,TrafficAnalysis_LEGION-ARME-S-01_2015-01-05_21_51_20.txt/,1420494681,298,0.007568,UDP,53:DNS+,MANY,1,0,
LEGION-ARME-S-02,TrafficAnalysis_LEGION-ARME-S-02_2015-01-05_23_01_20.txt/,1420498881,297,0.0076,UDP,53:DNS+,MANY,1,0,
LEGION-GET-S-01,TrafficAnalysis_LEGION-GET-S-01_2015-01-05_21_58_15.txt/,1420495096,297,0.01144,UDP,53:DNS+MANY,MANY,6,0,
LEGION-HEAD-S-01,TrafficAnalysis_LEGION-HEAD-S-01_2015-01-05_22_05_29.txt/,1420495530,298,0.012416,UDP,53:DNS+MANY,MANY,7,0,
LEGION-POST-S-01,TrafficAnalysis_LEGION-POST-S-01_2015-01-05_22_14_08.txt/,1420496049,298,0.007568,UDP,53:DNS+,MANY,1,0,
LEGION-RUDY-S-01,TrafficAnalysis_LEGION-RUDY-S-01_2015-01-05_22_22_31.txt/,1420496552,297,0.007728,UDP,53:DNS+,MANY,1,0,
LEGION-SLOW-S-01,TrafficAnalysis_LEGION-SLOW-S-01_2015-01-05_22_30_59.txt/,1420497060,297,0.008336,UDP,53:DNS+,MANY,1,0,
LEGION-SUDP-S-01,TrafficAnalysis_LEGION-SUDP-S-01_2014-12-29_19_25_42.txt/,1419881143,298,0.606632,UDP,1900:SSDP+MANY,80:HTTP+MANY,44,0,
LEGION-SUDP-S-02,TrafficAnalysis_LEGION-SUDP-S-02_2014-12-29_14_36_38.txt/,1419863800,298,0.21168,UDP,53:DNS+MANY,80:HTTP+MANY,28,0,
LEGION-XML-S-01,TrafficAnalysis_LEGION-XML-S-01_2015-01-05_22_38_13.txt/,1420497494,297,0.007568,UDP,53:DNS+,MANY,1,0,
NETCOM-CHARGEN-S-01,TrafficAnalysis_NETCOM-CHARGEN-S-01_2014-12-29_14_28_13.txt/,1419863294,298,426.33087,UDP,1900:SSDP+MANY,80:HTTP+MANY,68419,0,
NETCOM-CHARGEN-S-02,TrafficAnalysis_NETCOM-CHARGEN-S-02_2014-12-29_16_15_41.txt/,1419869742,298,418.65707,UDP,1900:SSDP+MANY,80:HTTP+MANY,111842,0,
NETCOM-DNS-S-01,TrafficAnalysis_NETCOM-DNS-S-01_2014-12-29_14_54_44.txt/,1419864884,299,418.49252,UDP,1900:SSDP+MANY,80:HTTP+MANY,146213,0,
NETCOM-DNS-S-02,TrafficAnalysis_NETCOM-DNS-S-02_2014-12-29_19_19_28.txt/,1419880769,299,364.9929,UDP,1900:SSDP+MANY,80:HTTP+MANY,49063,0,
NETCOM-ESSYN-S-01,TrafficAnalysis_NETCOM-ESSYN-S-01_2015-01-02_17_06_21.txt/,1420218382,297,0.007728,UDP,53:DNS+,MANY,1,0,
NETCOM-ESSYN-S-02,TrafficAnalysis_NETCOM-ESSYN-S-02_2015-01-02_17_34_48.txt/,1420220089,297,0.007888,UDP,53:DNS+,MANY,1,0,
NETCOM-NTP-S-01,TrafficAnalysis_NETCOM-NTP-S-01_2014-12-29_15_14_46.txt/,1419866087,299,456.5401,UDP,1900:SSDP+MANY,80:HTTP+MANY,115652,0,
NETCOM-NTP-S-02,TrafficAnalysis_NETCOM-NTP-S-02_2014-12-29_19_38_18.txt/,1419881899,298,367.52573,UDP,1900:SSDP+MANY,80:HTTP+MANY,60650,0,
NETCOM-SNMP-S-01,TrafficAnalysis_NETCOM-SNMP-S-01_2014-12-29_15_30_39.txt/,1419867040,299,405.67966,UDP,1900:SSDP+MANY,80:HTTP+MANY,41884,0,
NETCOM-SNMP-S-02,TrafficAnalysis_NETCOM-SNMP-S-02_2014-12-29_20_10_41.txt/,1419883842,299,358.58133,UDP,1900:SSDP+MANY,80:HTTP+MANY,37803,0,
NETCOM-UDP-S-01,TrafficAnalysis_NETCOM-UDP-S-01_2014-12-29_15_43_40.txt/,1419867821,299,463.25906,UDP,1900:SSDP+MANY,80:HTTP+MANY,82836,0,
NETCOM-UDP-S-02,TrafficAnalysis_NETCOM-UDP-S-02_2014-12-29_20_23_48.txt/,1419884628,299,301.1296,UDP,1900:SSDP+MANY,80:HTTP+MANY,33180,0,
NETCOM-UDPLAG-S-01,TrafficAnalysis_NETCOM-UDPLAG-S-01_2014-12-29_16_01_23.txt/,1419868883,299,444.09073,UDP,1900:SSDP+MANY,80:HTTP+MANY,60157,0,
NETCOM-UDPLAG-S-02,TrafficAnalysis_NETCOM-UDPLAG-S-02_2014-12-29_20_39_37.txt/,1419885577,298,410.59247,UDP,1900:SSDP+MANY,80:HTTP+MANY,38504,0,
NETNET-CHARGEN-S-01,TrafficAnalysis_NETNET-CHARGEN-S-01_2014-12-25_12_50_21.txt/,1419511822,298,0.007632,UDP,53:DNS+,MANY,1,0,
NETNET-CHARGEN-S-02,TrafficAnalysis_NETNET-CHARGEN-S-02_2015-01-02_20_39_58.txt/,1420231199,297,0.008336,UDP,53:DNS+,MANY,1,0,
NETNET-DNS-S-01,TrafficAnalysis_NETNET-DNS-S-01_2014-12-25_13_05_15.txt/,1419512716,298,0.008272,UDP,53:DNS+SOME,MANY,4,0,
NETNET-DNS-S-02,TrafficAnalysis_NETNET-DNS-S-02_2015-01-02_20_17_27.txt/,1420229849,297,0.010672,UDP,53:DNS+MANY,MANY,6,0,
NETNET-ESSYN-S-01,TrafficAnalysis_NETNET-ESSYN-S-01_2014-12-26_17_55_09.txt/,1419616511,297,0.0084,UDP,53:DNS+,MANY,1,0,
NETNET-NTP-S-01,TrafficAnalysis_NETNET-NTP-S-01_2014-12-25_13_22_03.txt/,1419513724,297,0.007728,UDP,53:DNS+,MANY,1,0,
NETNET-NTP-S-02,TrafficAnalysis_NETNET-NTP-S-02_2015-01-02_20_47_22.txt/,1420231643,297,0.008336,UDP,53:DNS+,MANY,1,0,
NETNET-SSDP-S-01,TrafficAnalysis_NETNET-SSDP-S-01_2014-12-25_13_38_01.txt/,1419514682,297,0.012416,UDP,53:DNS+SOME,MANY,4,0,
NETNET-SSDP-S-02,TrafficAnalysis_NETNET-SSDP-S-02_2015-01-02_20_54_33.txt/,1420232074,298,0.012416,UDP,53:DNS+MANY,MANY,7,0,
NETNET-SSYN-S-01,TrafficAnalysis_NETNET-SSYN-S-01_2014-12-26_18_11_12.txt/,1419617473,297,0.012416,UDP,53:DNS+SOME,MANY,2,0,
NETNET-SSYN-S-02,TrafficAnalysis_NETNET-SSYN-S-02_2015-01-02_21_03_58.txt/,1420232639,298,0.007568,UDP,53:DNS+,MANY,1,0,
NETNET-SUDP-S-01,TrafficAnalysis_NETNET-SUDP-S-01_2014-12-25_13_51_51.txt/,1419515512,298,0.0084,UDP,53:DNS+SOME,MANY,4,0,
NETNET-SUDP-S-02,TrafficAnalysis_NETNET-SUDP-S-02_2015-01-02_21_12_35.txt/,1420233156,298,0.007568,UDP,53:DNS+,MANY,1,0,
NETNET-XSYN-S-01,TrafficAnalysis_NETNET-XSYN-S-01_2014-12-26_18_45_49.txt/,1419619550,298,0.008368,UDP,53:DNS+,MANY,2,0,
NETNET-XSYN-S-02,TrafficAnalysis_NETNET-XSYN-S-02_2015-01-02_21_21_04.txt/,1420233665,297,1.078672,UDP,53:DNS+SOME,MANY,2,1,
POWER-NTP-S-01,TrafficAnalysis_POWER-NTP-S-01_2015-03-26_16%3A06%3A37.txt/,1427385998,297,0.031176,UDP,53:DNS+,MANY,1,0,
POWER-NTP-S-02,TrafficAnalysis_POWER-NTP-S-02_2015-03-26_16%3A27%3A03.txt/,1427387224,297,0.024248,UDP,53:DNS+SOME,MANY,2,0,
POWER-SNMP-S-01,TrafficAnalysis_POWER-SNMP-S-01_2015-03-26_16%3A34%3A32.txt/,1427387673,297,0.007568,UDP,53:DNS+,MANY,1,0,
POWER-SNMP-S-02,TrafficAnalysis_POWER-SNMP-S-02_2015-03-26_17%3A20%3A36.txt/,1427390437,298,0.031176,UDP,53:DNS+,MANY,1,0,
POWER-SSYN-S-01,TrafficAnalysis_POWER-SSYN-S-01_2015-03-26_19%3A18%3A10.txt/,1427397490,298,5.76E-4,UDP,53:DNS+MANY,MANY,5,0,
POWER-SSYN-S-02,TrafficAnalysis_POWER-SSYN-S-02_2015-03-26_19%3A28%3A17.txt/,1427398099,297,0.052376,UDP,53:DNS+MANY,MANY,4,0,
POWER-TCPAMP-S-01,TrafficAnalysis_POWER-TCPAMP-S-01_2015-03-26_17%3A27%3A48.txt/,1427390869,297,0.007728,UDP,53:DNS+,MANY,1,0,
POWER-TCPAMP-S-02,TrafficAnalysis_POWER-TCPAMP-S-02_2015-03-26_17%3A34%3A09.txt/,1427391250,297,0.007632,UDP,53:DNS+,MANY,1,0,
QUANT,TrafficAnalysis_QUANT_SSDP_10.txt/,1429087294,59,123.738396,UDP,1900:SSDP+MANY,MANY,6860,0,
QUANT-CHARGEN-S-01,TrafficAnalysis_QUANT-CHARGEN-S-01.txt/,1428878475,240,235.02867,UDP,19:CharGen+MANY,MANY,518,0,
QUANT-CHARGEN-S-02,TrafficAnalysis_QUANT-CHARGEN-S-02.txt/,1428879939,213,330.25433,UDP,19:CharGen+MANY,MANY,520,0,
QUANT-DOMINATE-S-01,TrafficAnalysis_QUANT-DOMINATE-S-01.txt/,1428878847,219,15.351152,TCP,MANY,MANY,1292129,0,CWR(1292148)ECE(1292148)ACK(30)RST(109)SYN(1292149)
QUANT-DOMINATE-S-02,TrafficAnalysis_QUANT-DOMINATE-S-02.txt/,1428880308,273,8.799264,TCP,MANY,MANY,673361,0,CWR(673378)ECE(673378)ACK(26)RST(55)SYN(673381)
QUANT-SSDP-S-01,TrafficAnalysis_QUANT-SSDP-S-01.txt/,1428877721,268,328.82306,UDP,1900:SSDP+MANY,MANY,10024,0,
QUANT-SSDP-S-02,TrafficAnalysis_QUANT-SSDP-S-02.txt/,1428879206,291,208.37178,UDP,1900:SSDP+MANY,MANY,15329,0,
QUANT-SSYN-S-01,TrafficAnalysis_QUANT-SSYN-S-01.txt/,1428878086,240,12.597552,TCP,MANY,80:HTTP+MANY,253747,0,ACK(127498)RST(3)SYN(5)
QUANT-SSYN-S-02,TrafficAnalysis_QUANT-SSYN-S-02.txt/,1428879592,253,9.6E-4,TCP,MANY,80:HTTP+MANY,132531,0,ACK(66308)RST(6)SYN(3)
RAGE-CHARGEN-S-01,TrafficAnalysis_RAGE-CHARGEN-S-01_2015-01-03_21_15_40.txt/,1420319741,298,0.0076,UDP,53:DNS+,MANY,1,0,
RAGE-CHARGEN-S-02,TrafficAnalysis_RAGE-CHARGEN-S-02_2015-01-03_22_02_40.txt/,1420322561,298,303.39685,UDP,19:CharGen+MANY,2001:unknown+MANY,1284,0,
RAGE-ESSYN-S-01,TrafficAnalysis_RAGE-ESSYN-S-01_2015-01-03_21_56_58.txt/,1420322219,297,0.012416,UDP,53:DNS+SOME,MANY,2,0,
RAGE-ESSYN-S-02,TrafficAnalysis_RAGE-ESSYN-S-02_2015-01-03_23_20_03.txt/,1420327208,272,7.04472,TCP,MANY,80:HTTP+SOME,460989,0,ACK(1)SYN(461040)
RAGE-NTP-S-01,TrafficAnalysis_RAGE-NTP-S-01_2015-01-03_21_22_39.txt/,1420320160,298,483.82764,UDP,123:NTP+SOME,80:HTTP+MANY,1666,0,
RAGE-NTP-S-02,TrafficAnalysis_RAGE-NTP-S-02_2015-01-03_22_15_01.txt/,1420323302,298,0.020752,UDP,53:DNS+SOME,MANY,2,0,
RAGE-SSDP-S-01,TrafficAnalysis_RAGE-SSDP-S-01_2015-01-03_21_32_09.txt/,1420320730,297,2.241456,UDP,123:NTP+SOME,80:HTTP+MANY,2,0,
RAGE-SSDP-S-02,TrafficAnalysis_RAGE-SSDP-S-02_2015-01-03_22_36_43.txt/,1420324604,298,312.1292,UDP,19:CharGen+MANY,2001:unknown+MANY,1267,0,
RAGE-SSYN-S-01,TrafficAnalysis_RAGE-SSYN-S-01_2015-01-03_21_51_34.txt/,1420321895,298,0.0076,UDP,53:DNS+,MANY,1,0,
RAGE-SSYN-S-02,TrafficAnalysis_RAGE-SSYN-S-02_2015-01-03_23_10_58.txt/,1420326659,297,0.012416,UDP,53:DNS+SOME,MANY,2,0,
RAGE-UDP-S-01,TrafficAnalysis_RAGE-UDP-S-01_2015-01-03_21_38_45.txt/,1420321126,297,0.009616,UDP,53:DNS+,MANY,1,0,
RAGE-UDP-S-02,TrafficAnalysis_RAGE-UDP-S-02_2015-01-03_22_37_56.txt/,1420324676,298,312.1292,UDP,19:CharGen+MANY,2001:unknown+MANY,1267,0,
RAGE-UDPLAG-S-01,TrafficAnalysis_RAGE-UDPLAG-S-01_2015-01-03_21_43_54.txt/,1420321435,297,0.0076,UDP,53:DNS+SOME,MANY,2,0,
RAGE-UDPLAG-S-02,TrafficAnalysis_RAGE-UDPLAG-S-02_2015-01-03_22_44_07.txt/,1420325048,299,42.959095,UDP,19:CharGen+MANY,2001:unknown+MANY,1224,0,
RAGE-XYN-S-01,TrafficAnalysis_RAGE-XYN-S-01_2015-04-06_08%3A53%3A19.txt/,1428310400,297,0.025472,UDP,53:DNS+SOME,MANY,3,0,
RAGE-XYN-S-02,TrafficAnalysis_RAGE-XYN-S-02_2015-04-06_09%3A38%3A29.txt/,1428313109,298,0.055528,UDP,53:DNS+SOME,MANY,4,0,
REST-DNS-S-01,TrafficAnalysis_REST-DNS-S-01_2014-12-22_10_05_38.txt/,1419242739,299,1826.0912,UDP,53:DNS+SOME,MANY,2089,0,
REST-DNS-S-02,TrafficAnalysis_REST-DNS-S-02_2014-12-25_19_09_02.txt/,1419534543,297,1520.4656,UDP,53:DNS+MANY,MANY,1087,0,
REST-GHPGET-S-01,TrafficAnalysis_REST-GHPGET-S-01_2014-12-29_15_51_24.txt/,1419868285,298,0.25024,UDP,53:DNS+1900:SSDP+MANY,80:HTTP+MANY,18,0,
REST-GHPGET-S-02,TrafficAnalysis_REST-GHPGET-S-02_2015-04-08_19%3A49%3A36.txt/,1428522578,297,0.129808,UDP,53:DNS+SOME,MANY,2,0,
REST-GHPHEAD-01,TrafficAnalysis_REST-GHPHEAD-01_2014-12-29_19_12_20.txt/,1419880340,298,0.092272,UDP,53:DNS+MANY,MANY,7,0,
REST-GHPHEAD-S-02,TrafficAnalysis_REST-GHPHEAD-S-02_2015-04-08_20%3A07%3A54.txt/,1428523675,297,0.018448,UDP,53:DNS+SOME,MANY,2,0,
REST-GHPPOST-S-01,TrafficAnalysis_REST-GHPPOST-S-01_2014-12-29_20_01_04.txt/,1419883265,297,0.056304,UDP,53:DNS+SOME,MANY,2,0,
REST-GHPPOST-S-02,TrafficAnalysis_REST-GHPPOST-S-02_2015-04-08_20%3A13%3A48.txt/,1428524029,297,0.018576,UDP,53:DNS+SOME,MANY,3,0,
REST-NTP-S-01,TrafficAnalysis_REST-NTP-S-01_2014-12-22_10_12_49.txt/,1419243170,298,415.78506,UDP,123:NTP+MANY,80:HTTP+MANY,1801,0,
REST-NTP-S-02,TrafficAnalysis_REST-NTP-S-02_2014-12-25_19_27_06.txt/,1419535627,299,377.46854,UDP,123:NTP+SOME,80:HTTP+MANY,1528,0,
REST-RUDY-S-01,TrafficAnalysis_REST-RUDY-S-01_2014-12-29_16_08_33.txt/,1419869314,298,0.49772,UDP,1900:SSDP+MANY,80:HTTP+MANY,20,0,
REST-RUDY-S-02,TrafficAnalysis_REST-RUDY-S-02_2015-04-08_20%3A19%3A32.txt/,1428524373,297,0.03172,UDP,53:DNS+SOME,MANY,2,0,
REST-SLOW-S-01,TrafficAnalysis_REST-SLOW-S-01_2014-12-29_20_18_18.txt/,1419884298,299,0.333728,UDP,1900:SSDP+53:DNS+SOME,80:HTTP+MANY,17,0,
REST-SLOW-S-02,TrafficAnalysis_REST-SLOW-S-02_2015-04-08_20%3A25%3A46.txt/,1428524747,298,6.001936,UDP,123:NTP+SOME,80:HTTP+MANY,4,0,
REST-SRCGET-S-01,TrafficAnalysis_REST-SRCGET-S-01_2014-12-29_19_31_46.txt/,1419881507,297,0.127944,UDP,53:DNS+1900:SSDP+MANY,80:HTTP+MANY,7,0,
REST-SRCGET-S-02,TrafficAnalysis_REST-SRCGET-S-02_2015-01-02_19_48_49.txt/,1420228129,299,0.048312,UDP,MANY,53:DNS+SOME,1,0,
REST-SRCHEAD-S-01,TrafficAnalysis_REST-SRCHEAD-S-01_2014-12-29_16_23_46.txt/,1419870227,298,0.185736,UDP,53:DNS+MANY,80:HTTP+MANY,36,0,
REST-SRCHEAD-S-02,TrafficAnalysis_REST-SRCHEAD-S-02_2015-04-08_20%3A37%3A13.txt/,1428525434,297,0.007568,UDP,53:DNS+,MANY,1,0,
REST-SRCPOST-S-01,TrafficAnalysis_REST-SRCPOST-S-01_2014-12-29_20_30_59.txt/,1419885060,298,1.043776,UDP,53:DNS+1900:SSDP+SOME,80:HTTP+MANY,12,0,
REST-SRCPOST-S-02,TrafficAnalysis_REST-SRCPOST-S-02_2015-04-08_20%3A31%3A34.txt/,1428525095,298,4.503696,UDP,123:NTP+SOME,80:HTTP+MANY,4,0,
REST-SSYN-S-01,TrafficAnalysis_REST-SSYN-S-01_2014-12-22_15_57_50.txt/,1419263878,291,40.876335,TCP,MANY,80:HTTP+SOME,1597040,0,CWR(2)ECE(5)ACK(3882)RST(35088)SYN(1597030)FIN(25)
REST-SSYN-S-02,TrafficAnalysis_REST-SSYN-S-02_2014-12-23_23_21_20.txt/,1419376910,266,45.28847,TCP,MANY,80:HTTP+SOME,1824428,0,CWR(5)ECE(8)ACK(6380)RST(57581)SYN(1824123)FIN(45)
REST-UDP-S-01,TrafficAnalysis_REST-UDP-S-01_2014-12-22_10_19_30.txt/,1419243571,298,1025.7607,UDP,53:DNS+SOME,MANY,2067,0,
REST-UDP-S-02,TrafficAnalysis_REST-UDP-S-02_2014-12-25_20_12_12.txt/,1419538333,299,847.4191,UDP,53:DNS+SOME,MANY,1074,0,
REST-UDPLAG-S-01,TrafficAnalysis_REST-UDPLAG-S-01_2014-12-22_10_26_31.txt/,1419243992,298,84.746315,UDP,53:DNS+MANY,MANY,89,0,
REST-UDPLAG-S-02,TrafficAnalysis_REST-UDPLAG-S-02_2014-12-25_20_22_22.txt/,1419538943,298,146.69154,UDP,53:DNS+SOME,MANY,86,0,
REST-XML-S-01,TrafficAnalysis_REST-XML-S-01_2014-12-29_19_46_50.txt/,1419882417,281,6.045528,TCP,MANY,80:HTTP+SOME,2163,0,CWR(6)ECE(6)ACK(2168)PSH(2168)RST(15)SYN(2175)FIN(2164)
REST-XML-S-02,TrafficAnalysis_REST-XML-S-02_2015-04-08_20%3A43%3A31.txt/,1428525812,298,0.018448,UDP,53:DNS+SOME,MANY,2,0,
REST-XSSYN-S-01,TrafficAnalysis_REST-XSSYN-S-01_2014-12-22_16_09_59.txt/,1419264605,291,42.072792,TCP,MANY,80:HTTP+SOME,1668762,0,CWR(4)ECE(3)ACK(4523)RST(41710)SYN(1668722)FIN(26)
REST-XSSYN-S-02,TrafficAnalysis_REST-XSSYN-S-02_2014-12-23_23_34_46.txt/,1419377691,294,44.80891,TCP,MANY,80:HTTP+,1812661,0,CWR(7)ECE(5)ACK(6466)RST(57407)SYN(1812584)FIN(42)
TITAN-ESSYN-S-01,TrafficAnalysis_TITAN-ESSYN-S-01_2014-12-22_22_33_09.txt/,1419287590,297,306.04343,UDP,53:DNS+SOME,MANY,90,0,
TITAN-ESSYN-S-02,TrafficAnalysis_TITAN-ESSYN-S-02_2014-12-25_15_22_14.txt/,1419520935,297,518.4036,UDP,53:DNS+MANY,MANY,98,0,
TITAN-RUDY-S-01,TrafficAnalysis_TITAN-RUDY-S-01_2014-12-29_13_00_09.txt/,1419858010,298,510.01407,UDP,53:DNS+MANY,MANY,87,0,
TITAN-RUDY-S-02,TrafficAnalysis_TITAN-RUDY-S-02_2014-12-29_13_15_46.txt/,1419858947,299,487.6958,UDP,53:DNS+,MANY,84,0,
TITAN-SLOW-S-01,TrafficAnalysis_TITAN-SLOW-S-01_2014-12-29_13_09_40.txt/,1419858581,297,473.02335,UDP,53:DNS+SOME,MANY,86,0,
TITAN-SLOW-S-02,TrafficAnalysis_TITAN-SLOW-S-02_2014-12-29_13_22_44.txt/,1419859365,299,501.19495,UDP,53:DNS+,MANY,85,0,
TITAN-UDP-S-01,TrafficAnalysis_TITAN-UDP-S-01_2014-12-22_22_11_11.txt/,1419286272,299,331.16583,UDP,53:DNS+,MANY,91,0,
TITAN-UDP-S-02,TrafficAnalysis_TITAN-UDP-S-02_2014-12-25_18_17_38.txt/,1419531459,298,332.553,UDP,53:DNS+SOME,MANY,222,0,
TITAN-UDPLAG-S-01,TrafficAnalysis_TITAN-UDPLAG-S-01_2014-12-22_23_05_14.txt/,1419289515,298,268.48294,UDP,53:DNS+MANY,MANY,228,0,
TITAN-UDPLAG-S-02,TrafficAnalysis_TITAN-UDPLAG-S-02_2014-12-25_18_31_58.txt/,1419532320,298,326.0103,UDP,53:DNS+MANY,MANY,223,0,
VDOS-ESSYN-S-01,TrafficAnalysis_VDOS-ESSYN-S-01_2014-12-25_13_30_25.txt/,1419514239,285,51.642586,TCP,MANY,80:HTTP+SOME,2557889,0,CWR(17)ECE(10)ACK(10704)RST(95731)SYN(2557785)FIN(61)
VDOS-ESSYN-S-02,TrafficAnalysis_VDOS-ESSYN-S-02_2014-12-25_17_30_40.txt/,1419528649,284,50.22052,TCP,MANY,80:HTTP+SOME,1399829,0,CWR(3)ECE(4)ACK(1893)PSH(1)RST(16952)SYN(1399826)FIN(12)
VDOS-SSDP-S-01,TrafficAnalysis_VDOS-SSDP-S-01_2014-12-25_23_00_00.txt/,1419548401,298,267.94226,UDP,1900:SSDP+MANY,80:HTTP+MANY,120451,0,
VDOS-SSDP-S-02,TrafficAnalysis_VDOS-SSDP-S-02_2014-12-25_23_24_49.txt/,1419549890,298,353.8169,UDP,1900:SSDP+MANY,80:HTTP+MANY,304536,0,
VDOS-SUDP-S-01,TrafficAnalysis_VDOS-SUDP-S-01_2014-12-25_23_07_31.txt/,1419548852,297,760.91724,UDP,53:DNS+MANY,MANY,29297,0,
VDOS-SUDP-S-02,TrafficAnalysis_VDOS-SUDP-S-02_2014-12-25_23_32_32.txt/,1419550353,298,703.05457,UDP,53:DNS+MANY,MANY,29291,0,
VDOS-TCPACK-S-01,TrafficAnalysis_VDOS-TCPACK-S-01_2014-12-25_13_44_11.txt/,1419515072,190,28.658209,TCP,MANY,80:HTTP+SOME,1146101,0,ACK(1146124)RST(36)SYN(4)FIN(1)
VDOS-TCPACK-S-02,TrafficAnalysis_VDOS-TCPACK-S-02_2014-12-25_17_46_09.txt/,1419529573,289,32.81392,TCP,MANY,80:HTTP+MANY,894452,0,ACK(894476)RST(28)SYN(6)FIN(1)
VDOS-TCPFIN-S-01,TrafficAnalysis_VDOS-TCPFIN-S-01_2014-12-25_13_58_30.txt/,1419515919,238,60.00757,TCP,MANY,80:HTTP+SOME,5250936,0,ACK(3)RST(3)SYN(4)FIN(1)
VDOS-TCPFIN-S-02,TrafficAnalysis_VDOS-TCPFIN-S-02_2014-12-25_18_01_04.txt/,1419530465,297,0.078784,UDP,53:DNS+MANY,MANY,4,0,
VDOS-TCPNO-S-01,TrafficAnalysis_VDOS-TCPNO-S-01_2014-12-25_14_26_19.txt/,1419517595,283,33.76224,TCP,MANY,80:HTTP+SOME,2707103,0,ACK(32)RST(33)SYN(3)FIN(1)
VDOS-TCPNO-S-02,TrafficAnalysis_VDOS-TCPNO-S-02_2014-12-25_18_24_03.txt/,1419531844,297,1.2108,UDP,53:DNS+SOME,MANY,3,0,
VDOS-TCPRST-S-01,TrafficAnalysis_VDOS-TCPRST-S-01_2014-12-25_14_44_50.txt/,1419518702,179,59.119953,TCP,MANY,80:HTTP+SOME,5409109,0,ACK(1)RST(5409134)SYN(2)FIN(1)
VDOS-TCPRST-S-02,TrafficAnalysis_VDOS-TCPRST-S-02_2014-12-25_18_43_05.txt/,1419533006,115,56.520527,TCP,MANY,80:HTTP+SOME,5009683,0,ACK(1)RST(5009704)SYN(2)FIN(1)
VDOS-XSYN-S-01,TrafficAnalysis_VDOS-XSYN-S-01_2014-12-25_15_02_42.txt/,1419519780,280,53.61976,TCP,MANY,80:HTTP+MANY,2283233,0,CWR(13)ECE(12)ACK(12740)PSH(3)RST(113614)SYN(2283125)FIN(68)
VDOS-XSYN-S-02,TrafficAnalysis_VDOS-XSYN-S-02_2014-12-25_20_01_31.txt/,1419537704,284,30.51684,TCP,MANY,80:HTTP+SOME,831136,0,CWR(6)ECE(2)ACK(3359)RST(30022)SYN(831138)FIN(4)
prod-anon-001,TrafficAnalysis_prod-anon-001.txt/,1428745323,20,10.934048,UDP,16705:unknown+MANY,16705:unknown+SOME,57,53,
prod-anon-002,TrafficAnalysis_prod-anon-002.txt/,1428745369,61,3.8672,UDP,16705:unknown+MANY,16705:unknown+SOME,64,62,
prod-anon-003,TrafficAnalysis_prod-anon-003.txt/,1444237630,21,12.813768,TCP,443:HTTPS+,MANY,10,0,ACK(10)PSH(6)
prod-anon-004,TrafficAnalysis_prod-anon-004.txt/,1444240545,18,14.67984,TCP,443:HTTPS+,MANY,9,0,ACK(9)PSH(4)
prod-anon-005,TrafficAnalysis_prod-anon-005.txt/,1445468940,14,2.4276,TCP,25:SMTP+,MANY,4,0,ACK(4)PSH(3)SYN(4)FIN(3)
prod-anon-006,TrafficAnalysis_prod-anon-006.txt/,1428068431,55,0.980928,UDP,123:NTP+SOME,80:HTTP+SOME,936,0,
prod-anon-007,TrafficAnalysis_prod-anon-007.txt/,1428068486,58,1.074304,UDP,123:NTP+SOME,80:HTTP+SOME,954,0,
prod-anon-008,TrafficAnalysis_prod-anon-008.txt/,1446768046,37,5.046288,UDP,161:SNMP+MANY,80:HTTP+MANY,965,944,
prod-anon-009,TrafficAnalysis_prod-anon-009.txt/,1446847062,21,9.92E-4,UDP,161:SNMP+MANY,80:HTTP+MANY,1044,1021,
prod-anon-010,TrafficAnalysis_prod-anon-010.txt/,1417606735,15,2.90408,UDP,1900:SSDP+,80:HTTP+,2640,0,
prod-anon-011,TrafficAnalysis_prod-anon-011.txt/,1425286830,32,3.118576,UDP,MANY,80:HTTP+,260,0,
prod-anon-012,TrafficAnalysis_prod-anon-012.txt/,1425286862,26,3.741704,UDP,MANY,80:HTTP+,263,0,
prod-anon-013,TrafficAnalysis_prod-anon-013.txt/,1425555008,29,2.719648,UDP,123:NTP+,80:HTTP+SOME,1468,0,
prod-anon-014,TrafficAnalysis_prod-anon-014.txt/,1445005518,58,0.15968,TCP,MANY,80:HTTP+,1055,0,SYN(1055)
prod-anon-015,TrafficAnalysis_prod-anon-015.txt/,1441872161,14,0.907712,TCP,MANY,80:HTTP+,356,0,ACK(342)PSH(302)RST(288)SYN(312)FIN(299)
prod-anon-016,TrafficAnalysis_prod-anon-016.txt/,1441879865,12,1.4074,TCP,MANY,80:HTTP+,335,0,ACK(324)PSH(298)RST(182)SYN(257)FIN(299)
prod-anon-017,TrafficAnalysis_prod-anon-017.txt/,1425286830,32,3.118576,UDP,MANY,80:HTTP+,260,0,
prod-anon-018,TrafficAnalysis_prod-anon-018.txt/,1419000434,10,0.366944,TCP,MANY,80:HTTP+,9805,0,CWR(2)ACK(206)PSH(5)RST(9671)FIN(205)
prod-anon-019,TrafficAnalysis_prod-anon-019.txt/,1419000874,114,8.32E-4,TCP,MANY,80:HTTP+,788,0,CWR(63)ECE(63)ACK(783)PSH(679)RST(60)SYN(688)FIN(659)
prod-anon-020,TrafficAnalysis_prod-anon-020.txt/,1418929834,539,7.04E-4,TCP,MANY,80:HTTP+,350,0,CWR(28)ECE(28)ACK(349)PSH(312)RST(40)SYN(316)FIN(314)
prod-anon-021,TrafficAnalysis_prod-anon-021.txt/,1419063001,21,0.450944,TCP,53757:unknown+50158:unknown+SOME,80:HTTP+,3,0,ACK(3)PSH(1)SYN(1)FIN(1)
prod-anon-022,TrafficAnalysis_prod-anon-022.txt/,1418932457,9,0.363648,TCP,MANY,80:HTTP+,9649,0,ACK(9707)PSH(9)SYN(7)FIN(9)
prod-anon-023,TrafficAnalysis_prod-anon-023.txt/,1419034516,605,9.28E-4,TCP,MANY,80:HTTP+,534,0,CWR(2)ECE(2)SYN(534)
prod-anon-024,TrafficAnalysis_prod-anon-024.txt/,1418928875,14,0.36256,TCP,MANY,80:HTTP+,61,0,CWR(61)URG(28)ACK(61)PSH(61)RST(61)SYN(61)FIN(33)
prod-anon-025,TrafficAnalysis_prod-anon-025.txt/,1418931638,0,0.73056,UDP,30070:unknown+MANY,30584:unknown+MANY,84,40,
prod-anon-026,TrafficAnalysis_prod-anon-026.txt/,1418931826,20,1.649888,UDP,1900:SSDP+SOME,1900:SSDP+,4851,0,
prod-anon-027,TrafficAnalysis_prod-anon-027.txt/,1419000471,171,3.802368,UDP,123:NTP+MANY,80:HTTP+SOME,13,0,
prod-anon-028,TrafficAnalysis_prod-anon-028.txt/,1419001317,12,3.87504,UDP,123:NTP+,80:HTTP+,3,0,
prod-anon-029,TrafficAnalysis_prod-anon-029.txt/,1442159945,22,11.046056,UDP,MANY,80:HTTP+MANY,17,17,
prod-anon-030,TrafficAnalysis_prod-anon-030.txt/,1420625354,7,0.25392,TCP,MANY,80:HTTP+443:HTTPS+MANY,172,0,ACK(97)PSH(59)RST(10)SYN(110)FIN(46)
prod-anon-031,TrafficAnalysis_prod-anon-031.txt/,1425458479,15,0.393064,TCP,MANY,80:HTTP+,8165,0,CWR(4761)ECE(4761)ACK(598)PSH(57)RST(573)SYN(8017)FIN(22)
prod-anon-032,TrafficAnalysis_prod-anon-032.txt/,1427188571,21,8.580248,UDP,16705:unknown+MANY,16705:unknown+SOME,10,10,
prod-anon-033,TrafficAnalysis_prod-anon-033.txt/,1427188647,22,11.150912,UDP,16705:unknown+MANY,16705:unknown+SOME,16,16,
prod-anon-034,TrafficAnalysis_prod-anon-034.txt/,1419353825,10,4.24656,UDP,123:NTP+,80:HTTP+SOME,228,0,
prod-anon-035,TrafficAnalysis_prod-anon-035.txt/,1421357686,12,12.367072,UDP,49164:unknown+MANY,3072:unknown+1:TCPMUX+MANY,2824,2671,
prod-anon-036,TrafficAnalysis_prod-anon-036.txt/,1427896646,13,13.524048,UDP,53:DNS+49164:unknown+MANY,4:Unassigned+1:TCPMUX+MANY,1738,1601,
prod-anon-037,TrafficAnalysis_prod-anon-037.txt/,1427896659,6,13.326408,UDP,53:DNS+49164:unknown+MANY,4:Unassigned+1:TCPMUX+MANY,1417,1274,
prod-anon-038,TrafficAnalysis_prod-anon-038.txt/,1427896489,54,5.060112,UDP,MANY,MANY,1747,0,
prod-anon-039,TrafficAnalysis_prod-anon-039.txt/,1427896226,43,3.128416,UDP,MANY,MANY,1746,0,
prod-anon-040,TrafficAnalysis_prod-anon-040.txt/,1429869923,70,0.364648,TCP,MANY,443:HTTPS+80:HTTP+MANY,224,1,ACK(216)PSH(104)RST(104)SYN(135)FIN(96)
prod-anon-041,TrafficAnalysis_prod-anon-041.txt/,1429875095,12,0.558064,TCP,80:HTTP+MANY,MANY,8981,0,CWR(2)ECE(1)ACK(8884)PSH(16)RST(327)SYN(8474)FIN(6)
prod-anon-042,TrafficAnalysis_prod-anon-042.txt/,1429876190,20,4.16E-4,TCP,80:HTTP+MANY,MANY,8852,0,ACK(8789)PSH(38)RST(1003)SYN(7458)FIN(9)
prod-anon-043,TrafficAnalysis_prod-anon-043.txt/,1429877433,30,0.529784,TCP,80:HTTP+MANY,80:HTTP+MANY,1449,1,CWR(2)ECE(2)ACK(1344)PSH(76)RST(1329)SYN(115)FIN(76)
prod-anon-044,TrafficAnalysis_prod-anon-044.txt/,1445679469,15,10.663176,TCP,MANY,20:FTP+SOME,1,0,ACK(1)PSH(1)RST(1)SYN(1)FIN(1)
prod-anon-045,TrafficAnalysis_prod-anon-045.txt/,1425458170,31,1.196728,TCP,MANY,MANY,1185,0,CWR(177)ECE(392)URG(118)ACK(735)PSH(93)RST(313)SYN(1187)FIN(281)
prod-anon-046,TrafficAnalysis_prod-anon-046.txt/,1425458164,21,1.856488,UDP,MANY,MANY,1153,0,
prod-anon-047,TrafficAnalysis_prod-anon-047.txt/,1425463956,51,0.898624,TCP,MANY,MANY,1544,0,CWR(182)ECE(462)URG(123)ACK(1030)PSH(102)RST(351)SYN(1557)FIN(333)
prod-anon-048,TrafficAnalysis_prod-anon-048.txt/,1425464081,40,1.116944,TCP,MANY,MANY,1503,0,CWR(180)ECE(466)URG(124)ACK(997)PSH(104)RST(346)SYN(1515)FIN(333)
prod-anon-049,TrafficAnalysis_prod-anon-049.txt/,1425464012,24,1.552824,UDP,MANY,MANY,2071,0,
prod-anon-050,TrafficAnalysis_prod-anon-050.txt/,1425464105,23,1.703856,UDP,MANY,MANY,2066,0,
prod-anon-051,TrafficAnalysis_prod-anon-051.txt/,1416411177,0,0.463736,UDP,53:DNS+25701:unknown+12890:unknown+,18762:unknown+31338:unknown+MANY,35,27,
prod-anon-052,TrafficAnalysis_prod-anon-052.txt/,1447145154,19,11.380648,TCP,80:HTTP+443:HTTPS+,MANY,96,0,ACK(94)PSH(72)RST(11)SYN(31)FIN(22)
prod-anon-053,TrafficAnalysis_prod-anon-053.txt/,1447170747,14,15.42,TCP,80:HTTP+,47535:unknown+,1,0,ACK(1)PSH(1)
prod-anon-054,TrafficAnalysis_prod-anon-054.txt/,1447170849,15,12.816,TCP,80:HTTP+,47535:unknown+,1,0,ACK(1)PSH(1)
